title,movie_id
Star Wars: Episode VII - The Force Awakens(2015),tt2488496
Avengers: Endgame(2019),tt4154796
Avatar(2009),tt0499549
Titanic(1997),tt0120338
Jurassic World(2015),tt0369610
The Avengers(2012),tt0848228
Star Wars: Episode VIII - The Last Jedi(2017),tt2527336
The Lion King(2019),tt6105098
The Dark Knight(2008),tt0468569
Rogue One: A Star Wars Story(2016),tt3748528
Star Wars: Episode IX - The Rise of Skywalker(2019),tt2527338
Beauty and the Beast(2017),tt2771200
Star Wars: Episode I - The Phantom Menace(1999),tt0120915
Frozen II(2019),tt4520988
Avengers: Age of Ultron(2015),tt2395427
The Dark Knight Rises(2012),tt1345836
Shrek 2(2004),tt0298148
Toy Story 4(2019),tt1979376
Captain Marvel(2019),tt4154664
The Hunger Games: Catching Fire(2013),tt1951264
Pirates of the Caribbean: Dead Man's Chest(2006),tt0383574
Jurassic World: Fallen Kingdom(2018),tt4881806
Toy Story 3(2010),tt0435761
Wonder Woman(2017),tt0451279
Iron Man 3(2013),tt1300854
Captain America: Civil War(2016),tt3498820
The Hunger Games(2012),tt1392170
Spider-Man(2002),tt0145487
Jumanji: Welcome to the Jungle(2017),tt2283362
Transformers: Revenge of the Fallen(2009),tt1055369
Frozen(2013),tt2294629
Spider-Man: Far from Home(2019),tt6320628
Guardians of the Galaxy Vol. 2(2017),tt3896198
The Lord of the Rings: The Return of the King(2003),tt0167260
Finding Nemo(2003),tt0266543
Star Wars: Episode III - Revenge of the Sith(2005),tt0121766
Spider-Man 2(2004),tt0316654
The Passion of the Christ(2004),tt0335345
The Secret Life of Pets(2016),tt2709768
Despicable Me 2(2013),tt1690953
The Jungle Book(2016),tt3040964
Deadpool(2016),tt1431045
Inside Out(2015),tt2096673
Aladdin(2019),tt6139732
Furious 7(2015),tt2820852
Transformers: Dark of the Moon(2011),tt1399103
American Sniper(2014),tt2179136
The Lord of the Rings: The Two Towers(2002),tt0167261
Spider-Man 3(2007),tt0413300
The Hunger Games: Mockingjay - Part 1(2014),tt1951265
Minions(2015),tt2293640
Joker(2019),tt7286456
Spider-Man: Homecoming(2017),tt2250912
Alice in Wonderland(2010),tt1014759
Guardians of the Galaxy(2014),tt2015381
Batman v Superman: Dawn of Justice(2016),tt2975590
It(2017),tt1396484
Suicide Squad(2016),tt1386697
Deadpool 2(2018),tt5463162
Shrek the Third(2007),tt0413267
Jumanji: The Next Level(2019),tt7975244
The Lord of the Rings: The Fellowship of the Ring(2001),tt0120737
Transformers(2007),tt0418279
Iron Man(2008),tt0371746
Harry Potter and the Sorcerer's Stone(2001),tt0241527
Indiana Jones and the Kingdom of the Crystal Skull(2008),tt0367882
Thor: Ragnarok(2017),tt3501632
Iron Man 2(2010),tt1228705
Star Wars: Episode II - Attack of the Clones(2002),tt0121765
Pirates of the Caribbean: At World's End(2007),tt0449088
Independence Day(1996),tt0116629
Pirates of the Caribbean: The Curse of the Black Pearl(2003),tt0325980
Skyfall(2012),tt1074638
Harry Potter and the Half-Blood Prince(2009),tt0417741
The Twilight Saga: Eclipse(2010),tt1325004
The Twilight Saga: New Moon(2009),tt1259571
The Sixth Sense(1999),tt0167404
Up(2009),tt1049413
Inception(2010),tt1375666
Harry Potter and the Order of the Phoenix(2007),tt0373889
The Twilight Saga: Breaking Dawn - Part 2(2012),tt1673434
"The Chronicles of Narnia: The Lion, the Witch and the Wardrobe(2005)",tt0363771
Man of Steel(2013),tt0770828
"Monsters, Inc.(2001)",tt0198781
Harry Potter and the Goblet of Fire(2005),tt0330373
The Hunger Games: Mockingjay - Part 2(2015),tt1951266
The Matrix Reloaded(2003),tt0234215
The Twilight Saga: Breaking Dawn - Part 1(2011),tt1324999
Meet the Fockers(2004),tt0290002
The Hangover(2009),tt1119646
Gravity(2013),tt1454468
The Grinch(2018),tt2709692
Sing(2016),tt3470600
Shrek(2001),tt0126029
Despicable Me 3(2017),tt3469046
The Amazing Spider-Man(2012),tt0948470
Harry Potter and the Chamber of Secrets(2002),tt0295297
How the Grinch Stole Christmas(2000),tt0170016
The Incredibles(2004),tt0317705
Captain America: The Winter Soldier(2014),tt1843866
The Lego Movie(2014),tt1490017
Star Trek(2009),tt0796366
I Am Legend(2007),tt0480249
The Blind Side(2009),tt0878804
The Hangover Part II(2011),tt1411697
Despicable Me(2010),tt1323594
Men in Black(1997),tt0119654
Harry Potter and the Prisoner of Azkaban(2004),tt0304141
Toy Story 2(1999),tt0120363
Transformers: Age of Extinction(2014),tt2109248
Cars(2006),tt0317219
Bruce Almighty(2003),tt0315327
Twister(1996),tt0117998
My Big Fat Greek Wedding(2002),tt0259446
Maleficent(2014),tt1587310
Pirates of the Caribbean: On Stranger Tides(2011),tt1298650
Shrek Forever After(2010),tt0892791
Fast & Furious 6(2013),tt1905041
Brave(2012),tt1217209
Oz the Great and Powerful(2013),tt1623205
X-Men: The Last Stand(2006),tt0376994
War of the Worlds(2005),tt0407304
Fantastic Beasts and Where to Find Them(2016),tt3183660
X-Men: Days of Future Past(2014),tt1877832
Cast Away(2000),tt0162222
Doctor Strange(2016),tt1211837
The Lost World: Jurassic Park(1997),tt0119567
Star Trek Into Darkness(2013),tt1408101
The Martian(2015),tt3659388
Signs(2002),tt0286106
Hancock(2008),tt0448157
The Bourne Ultimatum(2007),tt0440963
Logan(2017),tt3315342
Rush Hour 2(2001),tt0266915
The Fate of the Furious(2017),tt4630562
WALL·E(2008),tt0910970
Big Hero 6(2014),tt2245084
Mission: Impossible - Fallout(2018),tt4912910
Alvin and the Chipmunks: The Squeakquel(2009),tt1231580
Ted(2012),tt1637725
King Kong(2005),tt0360717
How to Train Your Dragon(2010),tt0892769
The Da Vinci Code(2006),tt0382625
Alvin and the Chipmunks(2007),tt0952640
Saving Private Ryan(1998),tt0120815
Bohemian Rhapsody(2018),tt1727824
Madagascar 3: Europe's Most Wanted(2012),tt1277953
Kung Fu Panda(2008),tt0441773
Mission: Impossible II(2000),tt0120755
A Star Is Born(2018),tt1517451
X2: X-Men United(2003),tt0290334
The Lorax(2012),tt1482459
Solo: A Star Wars Story(2018),tt3778644
Venom(2018),tt1270797
Austin Powers in Goldmember(2002),tt0295178
It Chapter Two(2019),tt7349950
300(2006),tt0416449
Fast Five(2011),tt1596343
Mission: Impossible - Ghost Protocol(2011),tt1229238
Wedding Crashers(2005),tt0396269
Sherlock Holmes(2009),tt0988045
Dawn of the Planet of the Apes(2014),tt2103281
Batman Begins(2005),tt0372784
Charlie and the Chocolate Factory(2005),tt0367594
Ratatouille(2007),tt0382932
Thor: The Dark World(2013),tt1981115
Bad Boys for Life(2020),tt1502397
Austin Powers: The Spy Who Shagged Me(1999),tt0145660
Interstellar(2014),tt0816692
World War Z(2013),tt0816711
The Mummy Returns(2001),tt0209163
Armageddon(1998),tt0120591
Cinderella(2015),tt1661199
Ralph Breaks the Internet(2018),tt5848272
Tangled(2010),tt0398286
Godzilla(2014),tt0831387
Superman Returns(2006),tt0348150
Spectre(2015),tt2379713
Pearl Harbor(2001),tt0213149
Monsters vs. Aliens(2009),tt0892782
Happy Feet(2006),tt0366548
Ice Age: Dawn of the Dinosaurs(2009),tt1080016
Ice Age: The Meltdown(2006),tt0438097
Mission: Impossible - Rogue Nation(2015),tt2381249
Twilight(2008),tt1099212
Men in Black II(2002),tt0120912
22 Jump Street(2014),tt2294449
Cars 2(2011),tt1216475
Teenage Mutant Ninja Turtles(2014),tt1291150
Spider-Man: Into the Spider-Verse(2018),tt4633694
Dunkirk(2017),tt5013056
The Polar Express(2004),tt0338348
Wreck-It Ralph(2012),tt1772341
A Quiet Place(2018),tt6644200
Gladiator(2000),tt0172495
The Croods(2013),tt0481499
The Day After Tomorrow(2004),tt0319262
Mr. & Mrs. Smith(2005),tt0356910
Pitch Perfect 2(2015),tt2848292
Batman Forever(1995),tt0112462
The Revenant(2015),tt1663202
Ocean's Eleven(2001),tt0240772
The Simpsons Movie(2007),tt0462538
What Women Want(2000),tt0207201
The Perfect Storm(2000),tt0177971
Lincoln(2012),tt0443272
Jurassic Park III(2001),tt0163025
Thor(2011),tt0800369
Mission: Impossible(1996),tt0117060
Ant-Man(2015),tt0478970
Planet of the Apes(2001),tt0133152
Madagascar: Escape 2 Africa(2008),tt0479952
X-Men Origins: Wolverine(2009),tt0458525
Hitch(2005),tt0386588
Men in Black³(2012),tt1409024
Elf(2003),tt0319343
Home(2015),tt2224026
Night at the Museum: Battle of the Smithsonian(2009),tt1078912
How to Train Your Dragon 2(2014),tt1646971
Rise of the Planet of the Apes(2011),tt1318514
Captain America: The First Avenger(2011),tt0458339
The Karate Kid(2010),tt1155076
There's Something About Mary(1998),tt0129387
Ice Age(2002),tt0268380
The Bourne Supremacy(2004),tt0372183
Get Out(2017),tt5052448
The Lego Batman Movie(2017),tt4116284
Us(2019),tt6857112
Crazy Rich Asians(2018),tt3104988
The Greatest Showman(2017),tt1485796
Fast & Furious Presents: Hobbs & Shaw(2019),tt6806448
National Treasure(2004),tt0368891
Air Force One(1997),tt0118571
Mission: Impossible - Dead Reckoning Part One(2023),tt9603212
Pirates of the Caribbean: Dead Men Tell No Tales(2017),tt1790809
The Matrix(1999),tt0133093
TRON: Legacy(2010),tt1104001
Mary Poppins Returns(2018),tt5028340
True Grit(2010),tt1403865
Tarzan(1999),tt0120855
John Wick: Chapter 3 - Parabellum(2019),tt6146586
A Beautiful Mind(2001),tt0268978
Chicago(2002),tt0299658
The Help(2011),tt1454029
Hotel Transylvania 2(2015),tt2510894
Hidden Figures(2016),tt4846340
Bridesmaids(2011),tt1478338
Quantum of Solace(2008),tt0830515
Kong: Skull Island(2017),tt3731562
Gone Girl(2014),tt2267998
Hotel Transylvania 3: Summer Vacation(2018),tt5220122
Casino Royale(2006),tt0381061
Meet the Parents(2000),tt0212338
Fifty Shades of Grey(2015),tt2322441
2012(2009),tt1190080
Knives Out(2019),tt8946378
Kung Fu Panda 2(2011),tt1302011
Hannibal(2001),tt0212985
Catch Me If You Can(2002),tt0264464
The Proposal(2009),tt1041829
The Pursuit of Happyness(2006),tt0454921
Big Daddy(1999),tt0142342
Clash of the Titans(2010),tt0800320
The SpongeBob Movie: Sponge Out of Water(2015),tt2279373
Django Unchained(2012),tt1853728
A Bug's Life(1998),tt0120623
Jason Bourne(2016),tt4196776
Grown Ups(2010),tt1375670
The Waterboy(1998),tt0120484
Ice Age: Continental Drift(2012),tt1667889
Straight Outta Compton(2015),tt1398426
How to Train Your Dragon: The Hidden World(2019),tt2386490
Die Another Day(2002),tt0246460
Shark Tale(2004),tt0307453
The Heat(2013),tt2404463
Fantastic Beasts: The Crimes of Grindelwald(2018),tt4123430
Halloween(2018),tt1502407
1917(2019),tt8579674
The Secret Life of Pets 2(2019),tt5113040
Star Trek Beyond(2016),tt2660888
The Longest Yard(2005),tt0398165
X-Men(2000),tt0120903
The Mummy(1999),tt0120616
Scary Movie(2000),tt0175142
What Lies Beneath(2000),tt0161081
X-Men: Apocalypse(2016),tt3385516
Snow White and the Huntsman(2012),tt1735898
San Andreas(2015),tt2126355
Fast & Furious(2009),tt1013752
Fantastic Four(2005),tt0120667
Horton Hears a Who!(2008),tt0451079
Mad Max: Fury Road(2015),tt1392190
Trolls(2016),tt1679335
Jerry Maguire(1996),tt0116695
Scooby-Doo(2002),tt0267913
Sex and the City(2008),tt1000774
Runaway Bride(1999),tt0163187
La La Land(2016),tt3783958
Divergent(2014),tt1840309
We're the Millers(2013),tt1723121
Terminator 3: Rise of the Machines(2003),tt0181852
G.I. Joe: The Rise of Cobra(2009),tt1046173
Neighbors(2014),tt2004420
American Hustle(2013),tt1800241
Puss in Boots(2011),tt0448694
Les Misérables(2012),tt1707386
Sonic the Hedgehog(2020),tt3794354
Knocked Up(2007),tt0478311
As Good as It Gets(1997),tt0119822
Little Fockers(2010),tt0970866
Hotel Transylvania(2012),tt0837562
Megamind(2010),tt1001526
Talladega Nights: The Ballad of Ricky Bobby(2006),tt0415306
Gran Torino(2008),tt1205489
War for the Planet of the Apes(2017),tt3450958
X-Men: First Class(2011),tt1270798
Paul Blart: Mall Cop(2009),tt1114740
Lilo & Stitch(2002),tt0275847
The Meg(2018),tt4779682
American Pie 2(2001),tt0252866
Taken(2008),tt0936501
The Great Gatsby(2013),tt1343092
"I, Robot(2004)",tt0343818
The Fast and the Furious(2001),tt0232500
Mamma Mia!(2008),tt0795421
Pokémon: Detective Pikachu(2019),tt5884052
Rio(2011),tt1436562
Kung Fu Panda 3(2016),tt2267968
Juno(2007),tt0467406
The Smurfs(2011),tt0472181
Once Upon a Time... in Hollywood(2019),tt7131622
xXx(2002),tt0295701
The Chronicles of Narnia: Prince Caspian(2008),tt0499448
Slumdog Millionaire(2008),tt1010048
Rush Hour(1998),tt0120812
Shazam!(2019),tt0448115
Ocean's Eight(2018),tt5164214
Rush Hour 3(2007),tt0293564
Stuart Little(1999),tt0164912
Taken 2(2012),tt1397280
The Matrix Revolutions(2003),tt0242653
The Santa Clause 2(2002),tt0304669
The King's Speech(2010),tt1504320
Cheaper by the Dozen(2003),tt0349205
Bad Boys II(2003),tt0172156
21 Jump Street(2012),tt1232829
Split(2016),tt4972582
A Christmas Carol(2009),tt1067106
Dinosaur(2000),tt0130623
Ready Player One(2018),tt1677720
The Conjuring(2013),tt1457767
Click(2006),tt0389860
The Green Mile(1999),tt0120689
Godzilla(1998),tt0120685
Argo(2012),tt1024648
Anger Management(2003),tt0305224
Chicken Little(2005),tt0371606
Patch Adams(1998),tt0129290
Ride Along(2014),tt1408253
The Incredible Hulk(2008),tt0800080
Live Free or Die Hard(2007),tt0337978
Wanted(2008),tt0493464
Identity Thief(2013),tt2024432
The Rock(1996),tt0117500
Mission: Impossible III(2006),tt0317919
Grown Ups 2(2013),tt2191701
Troy(2004),tt0332452
Angels & Demons(2009),tt0808151
Alvin and the Chipmunks: Chipwrecked(2011),tt1615918
Bringing Down the House(2003),tt0305669
The Wolverine(2013),tt1430132
The Departed(2006),tt0407887
Hulk(2003),tt0286716
Silver Linings Playbook(2012),tt1045658
Minority Report(2002),tt0181689
Fantastic Four: Rise of the Silver Surfer(2007),tt0486576
The Last Airbender(2010),tt0938283
Rio 2(2014),tt2357291
Lara Croft: Tomb Raider(2001),tt0146316
Lethal Weapon 4(1998),tt0122151
Get Smart(2008),tt0425061
The Divergent Series: Insurgent(2015),tt2908446
The Peanuts Movie(2015),tt2452042
Transformers: The Last Knight(2017),tt3371366
American Gangster(2007),tt0765429
American Beauty(1999),tt0169547
The Ring(2002),tt0298130
The Nutty Professor(1996),tt0117218
"Crouching Tiger, Hidden Dragon(2000)",tt0190332
Borat(2006),tt0443453
Ghostbusters(2016),tt1289401
Kingsman: The Secret Service(2014),tt2802144
Robots(2005),tt0358082
Shutter Island(2010),tt1130884
Into the Woods(2014),tt2180411
Enchanted(2007),tt0461770
The Curious Case of Benjamin Button(2008),tt0421715
Central Intelligence(2016),tt1489889
Anchorman 2: The Legend Continues(2013),tt1229340
Sweet Home Alabama(2002),tt0256415
Bumblebee(2018),tt4701182
2 Fast 2 Furious(2003),tt0322259
My Best Friend's Wedding(1997),tt0119738
Super 8(2011),tt1650062
The World Is Not Enough(1999),tt0143145
Lucy(2014),tt2872732
The Legend of Tarzan(2016),tt0918940
Bee Movie(2007),tt0389790
Prometheus(2012),tt1446714
Safe House(2012),tt1599348
Mr. Deeds(2002),tt0280590
Erin Brockovich(2000),tt0195685
Ocean's Twelve(2004),tt0349903
Terminator Salvation(2009),tt0438488
Charlie's Angels(2000),tt0160127
Lone Survivor(2013),tt1091191
Sully(2016),tt3263904
The Vow(2012),tt1606389
Life of Pi(2012),tt0454876
The Fault in Our Stars(2014),tt2582846
Cloudy with a Chance of Meatballs(2009),tt0844471
The Devil Wears Prada(2006),tt0458352
Something's Gotta Give(2003),tt0337741
Rango(2011),tt1192628
Nutty Professor II: The Klumps(2000),tt0144528
G.I. Joe: Retaliation(2013),tt1583421
The Bourne Identity(2002),tt0258463
Superbad(2007),tt0829482
50 First Dates(2004),tt0343660
Mamma Mia! Here We Go Again(2018),tt6911608
Inglourious Basterds(2009),tt0361748
Seabiscuit(2003),tt0329575
Van Helsing(2004),tt0338526
Four Christmases(2008),tt0369436
I Now Pronounce You Chuck & Larry(2007),tt0762107
Cloudy with a Chance of Meatballs 2(2013),tt1985966
Walk the Line(2005),tt0358273
G-Force(2009),tt0436339
The Other Guys(2010),tt1386588
Fahrenheit 9/11(2004),tt0361596
The Sum of All Fears(2002),tt0164184
The Break-Up(2006),tt0452594
A Series of Unfortunate Events(2004),tt0339291
Blades of Glory(2007),tt0445934
Salt(2010),tt0944835
Now You See Me(2013),tt1670345
Ford v Ferrari(2019),tt1950186
Big Momma's House(2000),tt0208003
Horrible Bosses(2011),tt1499658
The Nun(2018),tt5814060
Jackass 3D(2010),tt1116184
S.W.A.T.(2003),tt0257076
The Wolf of Wall Street(2013),tt0993846
Coraline(2009),tt0327597
8 Mile(2002),tt0298203
Double Jeopardy(1999),tt0150377
The Butler(2013),tt1327773
Green Lantern(2011),tt1133985
Notting Hill(1999),tt0125439
You've Got Mail(1998),tt0128853
Ghost Rider(2007),tt0259324
Remember the Titans(2000),tt0210945
Creed II(2018),tt6343314
District 9(2009),tt1136608
Unbroken(2014),tt1809398
Peter Rabbit(2018),tt5117670
Girls Trip(2017),tt3564472
Dumbo(2019),tt3861390
Fifty Shades Darker(2017),tt4465564
Dodgeball: A True Underdog Story(2004),tt0364725
The Village(2004),tt0368447
Bolt(2008),tt0397892
Maleficent: Mistress of Evil(2019),tt4777008
Wild Wild West(1999),tt0120891
Magic Mike(2012),tt1915581
Night at the Museum: Secret of the Tomb(2014),tt2692250
The Patriot(2000),tt0187393
Bad Moms(2016),tt4651520
The Bourne Legacy(2012),tt1194173
The Pacifier(2005),tt0395699
Dr. Dolittle 2(2001),tt0240462
It's Complicated(2009),tt1230414
Spy Kids(2001),tt0227538
Face/Off(1997),tt0119094
The Hangover Part III(2013),tt1951261
Spy Kids 3: Game Over(2003),tt0338459
Enemy of the State(1998),tt0120660
Mr. Peabody & Sherman(2014),tt0864835
The Last Samurai(2003),tt0325710
Glass(2019),tt6823368
Spy(2015),tt3079380
Valentine's Day(2010),tt0817230
Tropic Thunder(2008),tt0942385
Godzilla: King of the Monsters(2019),tt3741700
The Grudge(2004),tt0391198
Fun with Dick and Jane(2005),tt0369441
Freaky Friday(2003),tt0322330
Trainwreck(2015),tt3152624
Bedtime Stories(2008),tt0960731
Scary Movie 3(2003),tt0306047
Creed(2015),tt3076658
The 40-Year-Old Virgin(2005),tt0405422
Couples Retreat(2009),tt1078940
Black Hawk Down(2001),tt0265086
Hop(2011),tt1411704
The Upside(2017),tt1987680
The Princess Diaries(2001),tt0247638
Little Women(2019),tt3281548
Baby Driver(2017),tt3890160
Epic(2013),tt0848537
Watchmen(2009),tt0409459
The Angry Birds Movie(2016),tt1985949
Batman & Robin(1997),tt0118688
Captain Phillips(2013),tt1535109
Black Swan(2010),tt0947798
Analyze This(1999),tt0122933
Chicken Run(2000),tt0120630
Miss Congeniality(2000),tt0212346
300: Rise of an Empire(2014),tt1253863
The Italian Job(2003),tt0317740
The Lego Movie 2: The Second Part(2019),tt3513498
Robin Hood(2010),tt0955308
George of the Jungle(1997),tt0119190
Hustlers(2019),tt5503686
Pitch Perfect 3(2017),tt4765284
American Wedding(2003),tt0328828
Road to Perdition(2002),tt0257044
The Princess and the Frog(2009),tt0780521
The Chronicles of Narnia: The Voyage of the Dawn Treader(2010),tt0980970
Daddy Day Care(2003),tt0317303
Daddy's Home 2(2017),tt5657846
Paranormal Activity 3(2011),tt1778304
Journey 2: The Mysterious Island(2012),tt1397514
The Mule(2018),tt7959026
Rise of the Guardians(2012),tt1446192
Independence Day: Resurgence(2016),tt1628841
The Expendables(2010),tt1320253
Scream(1996),tt0117571
Just Go with It(2011),tt1564367
Murder on the Orient Express(2017),tt3402236
The General's Daughter(1999),tt0144214
The Aviator(2004),tt0338751
American Pie(1999),tt0163651
Daredevil(2003),tt0287978
The Conjuring 2(2016),tt3065204
The Girl with the Dragon Tattoo(2011),tt1568346
The Mummy: Tomb of the Dragon Emperor(2008),tt0859163
The Maze Runner(2014),tt1790864
Annabelle: Creation(2017),tt5140878
The Equalizer 2(2018),tt3766354
Jackass Presents: Bad Grandpa(2013),tt3063516
Pacific Rim(2013),tt1663662
Journey to the Center of the Earth(2008),tt0373051
Gone in 60 Seconds(2000),tt0187078
The Equalizer(2014),tt0455944
This Is the End(2013),tt1245492
Eagle Eye(2008),tt1059786
The Prince of Egypt(1998),tt0120794
Scream 2(1997),tt0120082
Eraser(1996),tt0116213
Noah(2014),tt1959490
The Cat in the Hat(2003),tt0312528
Con Air(1997),tt0118880
Sleepy Hollow(1999),tt0162661
Seven(1995),tt0114369
Rampage(2018),tt2231461
Collateral(2004),tt0369339
Contact(1997),tt0118884
Charlie's Angels: Full Throttle(2003),tt0305357
The Addams Family(2019),tt1620981
Vanilla Sky(2001),tt0259711
Arrival(2016),tt2543164
Due Date(2010),tt1231583
Jumanji(1995),tt0113497
The Rugrats Movie(1998),tt0134067
Million Dollar Baby(2004),tt0405159
Step Brothers(2008),tt0838283
Evan Almighty(2007),tt0413099
Fifty Shades Freed(2018),tt4477536
Shakespeare in Love(1998),tt0138097
Bad Teacher(2011),tt1284575
Yogi Bear(2010),tt1302067
Cowboys & Aliens(2011),tt0409847
Kingsman: The Golden Circle(2017),tt4649466
Edge of Tomorrow(2014),tt1631867
The Hunchback of Notre Dame(1996),tt0116583
You Don't Mess with the Zohan(2008),tt0960144
Passengers(2016),tt1355644
Die Hard with a Vengeance(1995),tt0112864
Christopher Robin(2018),tt4575576
Hercules(1997),tt0119282
Olympus Has Fallen(2013),tt2302755
The Green Hornet(2011),tt0990407
Date Night(2010),tt1279935
Yes Man(2008),tt1068680
Sausage Party(2016),tt1700841
Inspector Gadget(1999),tt0141369
Public Enemies(2009),tt1152836
The Social Network(2010),tt1285016
Downton Abbey(2019),tt6398184
The Others(2001),tt0230600
Legally Blonde(2001),tt0250494
Panic Room(2002),tt0258000
Rocketman(2019),tt2066051
Zero Dark Thirty(2012),tt1790885
Norbit(2007),tt0477051
Cold Mountain(2003),tt0159365
Sex and the City 2(2010),tt1261945
The Princess Diaries 2: Royal Engagement(2004),tt0368933
42(2013),tt0453562
Unbreakable(2000),tt0217869
The Book of Eli(2010),tt1037705
"10,000 BC(2008)",tt0443649
Julie & Julia(2009),tt1135503
The Mask of Zorro(1998),tt0120746
Maid in Manhattan(2002),tt0252076
Master and Commander: The Far Side of the World(2003),tt0311113
Flight(2012),tt1907668
The Fighter(2010),tt0964517
America's Sweethearts(2001),tt0265029
The Bucket List(2007),tt0825232
Tomorrowland(2015),tt1964418
The Magnificent Seven(2016),tt2404435
Cats & Dogs(2001),tt0239395
Two Weeks Notice(2002),tt0313737
Red Dragon(2002),tt0289765
Elysium(2013),tt1535108
The Town(2010),tt0840361
Non-Stop(2014),tt2024469
Blade Runner 2049(2017),tt1856101
Halloween Kills(2021),tt10665338
Think Like a Man(2012),tt1621045
Heaven Is for Real(2014),tt1929263
The Haunting(1999),tt0171363
Ride Along 2(2016),tt2869728
Stepmom(1998),tt0120686
The Scorpion King(2002),tt0277296
Prince of Persia: The Sands of Time(2010),tt0473075
Antz(1998),tt0120587
Scary Movie 4(2006),tt0362120
"Me, Myself & Irene(2000)",tt0183505
High School Musical 3: Senior Year(2008),tt0962726
Space Cowboys(2000),tt0186566
Get Hard(2015),tt2561572
RED(2010),tt1245526
Planes(2013),tt1691917
"Legally Blonde 2: Red, White & Blonde(2003)",tt0333780
Mystic River(2003),tt0327056
Terminator Genisys(2015),tt1340138
The Emperor's New Groove(2000),tt0120917
The Lone Ranger(2013),tt1210819
Taken 3(2014),tt2446042
Don't Breathe(2016),tt4160708
Scream 3(2000),tt0134084
Oblivion(2013),tt1483013
The Ugly Truth(2009),tt1142988
Percy Jackson & the Olympians: The Lightning Thief(2010),tt0814255
Failure to Launch(2006),tt0427229
The Muppets(2011),tt1204342
Inside Man(2006),tt0454848
Waterworld(1995),tt0114898
Starsky & Hutch(2004),tt0335438
Along Came Polly(2004),tt0343135
Entrapment(1999),tt0137494
Pineapple Express(2008),tt0910936
Miss Peregrine's Home for Peculiar Children(2016),tt1935859
Sisters(2015),tt1850457
Saw II(2005),tt0432348
The Accountant(2016),tt2140479
Dumb and Dumber To(2014),tt2096672
The Emoji Movie(2017),tt4877122
Mean Girls(2004),tt0377092
Annie(2014),tt1823664
Spy Kids 2: Island of Lost Dreams(2002),tt0287717
Alita: Battle Angel(2019),tt0437086
Fury(2014),tt2713180
Pokémon: The First Movie - Mewtwo Strikes Back(1998),tt0190641
The SpongeBob SquarePants Movie(2004),tt0345950
Power Rangers(2017),tt3717490
Anchorman: The Legend of Ron Burgundy(2004),tt0357413
Open Season(2006),tt0400717
Green Book(2018),tt6966692
The Expendables 2(2012),tt1764651
Paranormal Activity 2(2010),tt1536044
Tammy(2014),tt2103254
Ferdinand(2017),tt3411444
"Crazy, Stupid, Love.(2011)",tt1570728
Annabelle(2014),tt3322940
Birds of Prey and the Fantabulous Emancipation of One Harley Quinn(2020),tt7713068
Atlantis: The Lost Empire(2001),tt0230011
The Other Woman(2014),tt2203939
Penguins of Madagascar(2014),tt1911658
Up in the Air(2009),tt1193138
Wrath of the Titans(2012),tt1646987
Insidious: Chapter 2(2013),tt2226417
Battle Los Angeles(2011),tt1217613
Immortals(2011),tt1253864
I Can Only Imagine(2018),tt6450186
Saving Mr. Banks(2013),tt2140373
Good Boys(2019),tt6977338
Valkyrie(2008),tt0985699
Brokeback Mountain(2005),tt0388795
Turbo(2013),tt1860353
Charlotte's Web(2006),tt0413895
Monster-in-Law(2005),tt0369735
Are We There Yet?(2005),tt0368578
Freddy vs. Jason(2003),tt0329101
Let's Be Cops(2014),tt1924435
Blade II(2002),tt0187738
Beowulf(2007),tt0442933
The Pink Panther(2006),tt0383216
Teenage Mutant Ninja Turtles: Out of the Shadows(2016),tt3949660
The Post(2017),tt6294822
Maze Runner: The Scorch Trials(2015),tt4046784
Eight Below(2006),tt0397313
Unstoppable(2010),tt0477080
Payback(1999),tt0120784
Ted 2(2015),tt2637276
The Notebook(2004),tt0332280
The Talented Mr. Ripley(1999),tt0134119
School of Rock(2003),tt0332379
Snow Dogs(2002),tt0281373
21(2008),tt0478087
While You Were Sleeping(1995),tt0114924
Jimmy Neutron: Boy Genius(2001),tt0268397
Eat Pray Love(2010),tt0879870
The Texas Chainsaw Massacre(2003),tt0324216
Zookeeper(2011),tt1222817
Alien vs. Predator(2004),tt0370263
What Happens in Vegas(2008),tt1033643
The Dukes of Hazzard(2005),tt0377818
The Wedding Singer(1998),tt0120888
Saw III(2006),tt0489270
The Mummy(2017),tt2345759
Disturbia(2007),tt0486822
Nacho Libre(2006),tt0457510
Jumper(2008),tt0489099
Goosebumps(2015),tt1051904
Jack Reacher(2012),tt0790724
Cloverfield(2008),tt1060277
Dear John(2010),tt0989757
Men in Black: International(2019),tt2283336
Knowing(2009),tt0448011
War Horse(2011),tt1568911
Dark Shadows(2012),tt1077368
The Day the Earth Stood Still(2008),tt0970416
Limitless(2011),tt1219289
The Purge: Election Year(2016),tt4094724
Pixels(2015),tt2120120
The English Patient(1996),tt0116209
A.I. Artificial Intelligence(2001),tt0212720
We Were Soldiers(2002),tt0277434
Tower Heist(2011),tt0471042
The Monuments Men(2014),tt2177771
Man on Fire(2004),tt0328107
The Terminal(2004),tt0362227
Gangs of New York(2002),tt0217505
Night School(2018),tt6781982
Parental Guidance(2012),tt1047540
Where the Wild Things Are(2009),tt0386117
The A-Team(2010),tt0429493
U-571(2000),tt0141926
Dolittle(2020),tt6673612
Alice Through the Looking Glass(2016),tt2567026
27 Dresses(2008),tt0988595
Rugrats in Paris(2000),tt0213203
Knight and Day(2010),tt1013743
Paddington(2014),tt1109624
Pete's Dragon(2016),tt2788732
Hellboy II: The Golden Army(2008),tt0411477
Constantine(2005),tt0360486
The Haunted Mansion(2003),tt0338094
The Family Man(2000),tt0218967
Barbershop(2002),tt0303714
The Intern(2015),tt2361509
Contagion(2011),tt1598778
"You, Me and Dupree(2006)",tt0463034
2 Guns(2013),tt1272878
Braveheart(1995),tt0112573
Moneyball(2011),tt1210166
The Rookie(2002),tt0265662
Zombieland(2009),tt1156398
Old School(2003),tt0302886
Any Given Sunday(1999),tt0146838
The Hitman's Bodyguard(2017),tt1959563
The Girl on the Train(2016),tt3631112
Garfield: The Movie(2004),tt0356634
Ray(2004),tt0350258
The Exorcism of Emily Rose(2005),tt0404032
Eragon(2006),tt0449010
Four Brothers(2005),tt0430105
Alien: Covenant(2017),tt2316204
Jack and Jill(2011),tt0810913
Annabelle Comes Home(2019),tt8350360
Sin City(2005),tt0401792
Along Came a Spider(2001),tt0164334
Captain Underpants: The First Epic Movie(2017),tt2091256
Christmas with the Kranks(2004),tt0388419
Monster House(2006),tt0385880
Deep Blue Sea(1999),tt0149261
Law Abiding Citizen(2009),tt1197624
Yesterday(2019),tt8079248
Spirit: Stallion of the Cimarron(2002),tt0166813
A Madea Family Funeral(2019),tt7054636
Hollow Man(2000),tt0164052
Boo! A Madea Halloween(2016),tt5325452
Zombieland: Double Tap(2019),tt1560220
White House Down(2013),tt2334879
John Carter(2012),tt0401729
Dinner for Schmucks(2010),tt0427152
Justin Bieber: Never Say Never(2011),tt1702443
Storks(2016),tt4624424
Jackass Number Two(2006),tt0493430
The Interpreter(2005),tt0373926
Hercules(2014),tt1267297
Barnyard(2006),tt0414853
Bridge of Spies(2015),tt3682448
Dolphin Tale(2011),tt1564349
Vantage Point(2008),tt0443274
A Bad Moms Christmas(2017),tt6359956
1408(2007),tt0450385
The Purge: Anarchy(2014),tt2975578
John Q(2002),tt0251160
RV(2006),tt0449089
Mama(2013),tt2023587
Galaxy Quest(1999),tt0177789
Bridget Jones's Diary(2001),tt0243155
The Bridges of Madison County(1995),tt0112579
Chocolat(2000),tt0241303
Sideways(2004),tt0375063
Safe Haven(2013),tt1702439
Scary Movie 2(2001),tt0257106
The Spiderwick Chronicles(2008),tt0416236
The Score(2001),tt0227445
Paul Blart: Mall Cop 2(2015),tt3450650
The Smurfs 2(2013),tt2017020
Shallow Hal(2001),tt0256380
White Chicks(2004),tt0381707
No Strings Attached(2011),tt1411238
The Best Man Holiday(2013),tt2083355
V for Vendetta(2005),tt0434409
The Invisible Man(2020),tt1051906
Shaft(2000),tt0162650
World Trade Center(2006),tt0469641
Rocky Balboa(2006),tt0479143
The Big Short(2015),tt1596363
Fool's Gold(2008),tt0770752
Star Trek: Insurrection(1998),tt0120844
Big Momma's House 2(2006),tt0421729
The Golden Compass(2007),tt0385752
Kill Bill: Vol. 1(2003),tt0266697
Act of Valor(2012),tt1591479
Seven Pounds(2008),tt0814314
Swordfish(2001),tt0244244
The Kid(2000),tt0219854
Divine Secrets of the Ya-Ya Sisterhood(2002),tt0279778
The First Purge(2018),tt6133466
The Thomas Crown Affair(1999),tt0155267
Game Night(2018),tt2704998
Vertical Limit(2000),tt0190865
Lost in Space(1998),tt0120738
Angel Has Fallen(2019),tt6189022
Scary Stories to Tell in the Dark(2019),tt3387520
Sahara(2005),tt0318649
Percy Jackson: Sea of Monsters(2013),tt1854564
The House with a Clock in Its Walls(2018),tt2119543
Road Trip(2000),tt0215129
Blue Streak(1999),tt0181316
Skyscraper(2018),tt5758778
Bring It On(2000),tt0204946
Obsessed(2009),tt1198138
Mr. Popper's Penguins(2011),tt1396218
War Room(2015),tt3832914
Insidious: The Last Key(2018),tt5726086
The Tourist(2010),tt1243957
This Is 40(2012),tt1758830
Holes(2003),tt0311289
Instant Family(2018),tt7401588
Insomnia(2002),tt0278504
A Good Day to Die Hard(2013),tt1606378
Hidalgo(2004),tt0317648
Role Models(2008),tt0430922
Lights Out(2016),tt4786282
Coach Carter(2005),tt0393162
Hacksaw Ridge(2016),tt2119532
The Forgotten(2004),tt0356618
Dante's Peak(1997),tt0118928
The Bounty Hunter(2010),tt1038919
102 Dalmatians(2000),tt0211181
"Alexander and the Terrible, Horrible, No Good, Very Bad Day(2014)",tt1698641
Kangaroo Jack(2003),tt0257568
End of Days(1999),tt0146675
The Mexican(2001),tt0236493
Changing Lanes(2002),tt0264472
Big Fish(2003),tt0319061
Spies in Disguise(2019),tt5814534
Charlie Wilson's War(2007),tt0472062
Contraband(2012),tt1524137
The Bone Collector(1999),tt0145681
Looper(2012),tt1276104
The Final Destination(2009),tt1144884
The League of Extraordinary Gentlemen(2003),tt0311429
Bowfinger(1999),tt0131325
Warm Bodies(2013),tt1588173
Kill Bill: Vol. 2(2004),tt0378194
Herbie Fully Loaded(2005),tt0400497
Magic Mike XXL(2015),tt2268016
The Manchurian Candidate(2004),tt0368008
X-Men: Dark Phoenix(2019),tt6565702
Bad Boys(1995),tt0112442
Ever After: A Cinderella Story(1998),tt0120631
Lara Croft: Tomb Raider - The Cradle of Life(2003),tt0325703
Madea's Witness Protection(2012),tt2215285
Deuce Bigalow: Male Gigolo(1999),tt0205000
The Taking of Pelham 123(2009),tt1111422
Battleship(2012),tt1440129
Step Up(2006),tt0462590
Pitch Perfect(2012),tt1981677
The Amityville Horror(2005),tt0384806
The Visit(2015),tt3567288
Jack the Giant Slayer(2013),tt1351685
Think Like a Man Too(2014),tt2239832
Barbershop 2: Back in Business(2004),tt0337579
About Schmidt(2002),tt0257360
Exodus: Gods and Kings(2014),tt1528100
Friday the 13th(2009),tt0758746
Stuart Little 2(2002),tt0243585
Mirror Mirror(2012),tt1667353
Flushed Away(2006),tt0424095
Chronicle(2012),tt1706593
A Dog's Purpose(2017),tt1753383
The Happening(2008),tt0949731
The Purge(2013),tt2184339
The Wedding Ringer(2015),tt0884732
Jackass: The Movie(2002),tt0322802
The Nut Job(2014),tt1821658
Down to Earth(2001),tt0231775
Ice Age: Collision Course(2016),tt3416828
Deja Vu(2006),tt0453467
Life(1999),tt0123964
Diary of a Wimpy Kid(2010),tt1196141
Sky High(2005),tt0405325
Last Vegas(2013),tt1204975
Mona Lisa Smile(2003),tt0304415
In & Out(1997),tt0119360
Unknown(2011),tt1401152
Miami Vice(2006),tt0430357
The Time Traveler's Wife(2009),tt0452694
She's All That(1999),tt0160862
Madea's Family Reunion(2006),tt0455612
Bewitched(2005),tt0374536
The Boss(2016),tt2702724
The Holiday(2006),tt0457939
Forgetting Sarah Marshall(2008),tt0800039
The Sorcerer's Apprentice(2010),tt0963966
Beavis and Butt-Head Do America(1996),tt0115641
A Nightmare on Elm Street(2010),tt1179056
The Last Song(2010),tt1294226
Jarhead(2005),tt0418763
Black Mass(2015),tt1355683
London Has Fallen(2016),tt3300542
The Adjustment Bureau(2011),tt1385826
Spy Game(2001),tt0266987
The Call of the Wild(2020),tt7504726
Underworld: Awakening(2012),tt1496025
Terminator: Dark Fate(2019),tt6450804
The Wolfman(2010),tt0780653
Mousehunt(1997),tt0119715
Ender's Game(2013),tt1731141
Miracles from Heaven(2016),tt4257926
A Beautiful Day in the Neighborhood(2019),tt3224458
Cinderella Man(2005),tt0352248
Deepwater Horizon(2016),tt1860357
Stomp the Yard(2007),tt0775539
Rules of Engagement(2000),tt0160797
The Cell(2000),tt0209958
Abominable(2019),tt6324278
Friday Night Lights(2004),tt0390022
Prisoners(2013),tt1392214
Get Him to the Greek(2010),tt1226229
Mission to Mars(2000),tt0183523
Coyote Ugly(2000),tt0200550
Poseidon(2006),tt0409182
Fantasia 2000(1999),tt0120910
Three Kings(1999),tt0120188
Jingle All the Way(1996),tt0116705
Kiss the Girls(1997),tt0119468
After Earth(2013),tt1815862
Baby Mama(2008),tt0871426
Dora and the Lost City of Gold(2019),tt7547410
Shanghai Knights(2003),tt0300471
The Wedding Planner(2001),tt0209475
Burn After Reading(2008),tt0887883
Love Actually(2003),tt0314331
Why Him?(2016),tt4501244
Blockers(2018),tt2531344
The Cable Guy(1996),tt0115798
Resident Evil: Afterlife(2010),tt1220634
Why Did I Get Married Too?(2010),tt1391137
The Family Stone(2005),tt0356680
Bad Santa(2003),tt0307987
Tooth Fairy(2010),tt0808510
Snow Day(2000),tt0184907
Little Miss Sunshine(2006),tt0449059
Pacific Rim: Uprising(2018),tt2557478
The Benchwarmers(2006),tt0437863
Secretariat(2010),tt1028576
Gothika(2003),tt0348836
The Dictator(2012),tt1645170
Hellboy(2004),tt0167190
The Stepford Wives(2004),tt0327162
The Grand Budapest Hotel(2014),tt2278388
Planes: Fire & Rescue(2014),tt2980706
Dawn of the Dead(2004),tt0363547
Vacation(2015),tt1524930
Total Recall(2012),tt1386703
Behind Enemy Lines(2001),tt0159273
Bride Wars(2009),tt0901476
Water for Elephants(2011),tt1067583
Jack Reacher: Never Go Back(2016),tt3393786
Little Man(2006),tt0430304
Jack(1996),tt0116669
RoboCop(2014),tt1234721
Easy A(2010),tt1282140
Curious George(2006),tt0381971
Open Range(2003),tt0316356
Tomb Raider(2018),tt1365519
The Secret Life of Walter Mitty(2013),tt0359950
Bicentennial Man(1999),tt0182789
Ali(2001),tt0248667
Without a Paddle(2004),tt0364751
Baywatch(2017),tt1469304
Maze Runner: The Death Cure(2018),tt4500922
The Lincoln Lawyer(2011),tt1189340
The Butterfly Effect(2004),tt0289879
Red Eye(2005),tt0421239
Shall We Dance?(2004),tt0358135
The Chronicles of Riddick(2004),tt0296572
Takers(2010),tt1135084
The Animal(2001),tt0255798
Fences(2016),tt2671706
The Cider House Rules(1999),tt0124315
Memoirs of a Geisha(2005),tt0397535
Moulin Rouge!(2001),tt0203009
Blood Diamond(2006),tt0450259
Next Friday(2000),tt0195945
The Whole Nine Yards(2000),tt0190138
13 Going on 30(2004),tt0337563
The Perfect Guy(2015),tt3862750
Escape from Planet Earth(2012),tt0765446
American Reunion(2012),tt1605630
Escape Room(2019),tt5886046
Shanghai Noon(2000),tt0184894
Midway(2019),tt6924650
The Time Machine(2002),tt0268695
Midnight in Paris(2011),tt1605783
Saw V(2008),tt1132626
A Civil Action(1998),tt0120633
12 Years a Slave(2013),tt2024544
A Knight's Tale(2001),tt0183790
Joy(2015),tt2446980
Drumline(2002),tt0303933
Once Upon a Time in Mexico(2003),tt0285823
Dracula Untold(2014),tt0829150
Me Before You(2016),tt2674426
Just Married(2003),tt0305711
Fantastic Four(2015),tt1502712
Wallace & Gromit: The Curse of the Were-Rabbit(2005),tt0312004
Be Cool(2005),tt0377471
ParaNorman(2012),tt1623288
Romeo Must Die(2000),tt0165929
The Suicide Squad(2021),tt6334354
Friends with Benefits(2011),tt1632708
Free Birds(2013),tt1621039
Hansel & Gretel: Witch Hunters(2013),tt1428538
Eyes Wide Shut(1999),tt0120663
Happy Death Day(2017),tt5308322
Legend of the Guardians: The Owls of Ga'Hoole(2010),tt1219342
Snake Eyes(1998),tt0120832
The BFG(2016),tt3691740
Never Been Kissed(1999),tt0151738
What Dreams May Come(1998),tt0120889
The Shallows(2016),tt4052882
I Am Number Four(2011),tt1464540
Halloween H20: 20 Years Later(1998),tt0120694
Don't Say a Word(2001),tt0260866
The Jackal(1997),tt0119395
Spawn(1997),tt0120177
The Nutcracker and the Four Realms(2018),tt5523010
Starship Troopers(1997),tt0120201
Office Christmas Party(2016),tt1711525
This Means War(2012),tt1596350
The Curse of La Llorona(2019),tt4913966
Tag(2018),tt2854926
Pet Sematary(2019),tt0837563
Source Code(2011),tt0945513
Assassin's Creed(2016),tt2094766
What Men Want(2019),tt7634968
The Omen(2006),tt0466909
Crash(2004),tt0375679
New Year's Eve(2011),tt1598822
Horrible Bosses 2(2014),tt2170439
The Hundred-Foot Journey(2014),tt2980648
Evil Dead(2013),tt1288558
The Count of Monte Cristo(2002),tt0245844
TMNT(2007),tt0453556
The Hateful Eight(2015),tt3460252
Final Destination 3(2006),tt0414982
Austin Powers: International Man of Mystery(1997),tt0118655
Paranormal Activity 4(2012),tt2109184
Focus(2015),tt2381941
Parasite(2019),tt6751668
Paycheck(2003),tt0338337
Hero(2002),tt0299977
P.S. I Love You(2007),tt0431308
Sabrina(1995),tt0114319
3:10 to Yuma(2007),tt0381849
A Simple Favor(2018),tt7040874
"Yours, Mine & Ours(2005)",tt0443295
Life as We Know It(2010),tt1055292
Final Destination(2000),tt0195714
RED 2(2013),tt1821694
The Prestige(2006),tt0482571
Letters to Juliet(2010),tt0892318
Blow(2001),tt0221027
Forces of Nature(1999),tt0141098
Sweeney Todd: The Demon Barber of Fleet Street(2007),tt0408236
Varsity Blues(1999),tt0139699
Message in a Bottle(1999),tt0139462
13 Hours(2016),tt4172430
Kicking & Screaming(2005),tt0384642
Unfaithful(2002),tt0250797
El Diario De Un Chico En Apuros 2: Las Reglas De Rodrick(2011),tt1650043
The Strangers(2008),tt0482606
No Good Deed(2014),tt2011159
Wall Street: Money Never Sleeps(2010),tt1027718
Southpaw(2015),tt1798684
Blade: Trinity(2004),tt0359013
The Royal Tenenbaums(2001),tt0265666
Radio(2003),tt0316465
The Lake House(2006),tt0410297
Insidious: Chapter 3(2015),tt3195644
Identity(2003),tt0309698
Selma(2014),tt1020072
"South Park: Bigger, Longer & Uncut(1999)",tt0158983
Predators(2010),tt1424381
Underworld(2003),tt0320691
King Arthur(2004),tt0349683
The Call(2013),tt1911644
Funny People(2009),tt1201167
Footloose(2011),tt1068242
Ghost Rider: Spirit of Vengeance(2011),tt1071875
Exit Wounds(2001),tt0242445
Lion(2016),tt3741834
Atomic Blonde(2017),tt2406566
Finding Neverland(2004),tt0308644
The Grey(2011),tt1601913
My Bloody Valentine(2009),tt1179891
A Cinderella Story(2004),tt0356470
Like Mike(2002),tt0308506
Enemy at the Gates(2001),tt0215750
Hoodwinked!(2005),tt0443536
American Made(2017),tt3532216
The Phantom of the Opera(2004),tt0293508
Resident Evil: Apocalypse(2004),tt0318627
Muppets Most Wanted(2014),tt2281587
The Hitchhiker's Guide to the Galaxy(2005),tt0371724
The Predator(2018),tt3829266
The Tale of Despereaux(2008),tt0420238
Apocalypto(2006),tt0472043
The Road to El Dorado(2000),tt0138749
Ouija(2014),tt1204977
The Boxtrolls(2014),tt0787474
Syriana(2005),tt0365737
The Dark Tower(2017),tt1648190
The Hurricane(1999),tt0174856
Diary of a Mad Black Woman(2005),tt0422093
Mighty Joe Young(1998),tt0120751
Jack Ryan: Shadow Recruit(2014),tt1205537
The Tuxedo(2002),tt0290095
If I Stay(2014),tt1355630
K-PAX(2001),tt0272152
Overboard(2018),tt1563742
Hot Tub Time Machine(2010),tt1231587
Ad Astra(2019),tt2935510
Breakdown(1997),tt0118771
The Book of Life(2014),tt2262227
Sicario: Day of the Soldado(2018),tt5052474
Evita(1996),tt0116250
Stigmata(1999),tt0145531
Home on the Range(2004),tt0299172
Uncut Gems(2019),tt5727208
Red Tails(2012),tt0485985
Pain & Gain(2013),tt1980209
Australia(2008),tt0455824
Old Dogs(2009),tt0976238
Runaway Jury(2003),tt0313542
Land of the Lost(2009),tt0457400
Volcano(1997),tt0120461
BlacKkKlansman(2018),tt7349662
My Sister's Keeper(2009),tt1078588
The Possession(2012),tt0431021
This Christmas(2007),tt0937375
Diary of a Wimpy Kid: Dog Days(2012),tt2023453
Men of Honor(2000),tt0203019
I Feel Pretty(2018),tt6791096
Isn't It Romantic(2019),tt2452244
About Last Night(2014),tt1826590
Speed 2: Cruise Control(1997),tt0120179
Date Movie(2006),tt0466342
Gemini Man(2019),tt1025100
The Dilemma(2011),tt1578275
Peter Pan(2003),tt0316396
Return to Never Land(2002),tt0280030
The Huntsman: Winter's War(2016),tt2381991
Big Fat Liar(2002),tt0265298
Just Like Heaven(2005),tt0425123
The House Bunny(2008),tt0852713
Sinister(2012),tt1922777
Kick-Ass(2010),tt1250777
Kubo and the Two Strings(2016),tt4302938
Secret Window(2004),tt0363988
Nim's Island(2008),tt0410377
Agent Cody Banks(2003),tt0313911
The Skeleton Key(2005),tt0397101
The Jungle Book 2(2003),tt0283426
When a Stranger Calls(2006),tt0455857
Premonition(2007),tt0477071
Alien Resurrection(1997),tt0118583
The Rundown(2003),tt0327850
Manchester by the Sea(2016),tt4034228
Into the Storm(2014),tt2106361
Precious(2009),tt0929632
The Kingdom(2007),tt0431197
Poltergeist(2015),tt1029360
Munich(2005),tt0408306
Kingdom of Heaven(2005),tt0320661
Jupiter Ascending(2015),tt1617661
Savages(2012),tt1615065
Warcraft(2016),tt0803096
Hostel(2005),tt0450278
Boo 2! A Madea Halloween(2017),tt6217804
Nanny McPhee(2005),tt0396752
The Judge(2014),tt1872194
Killers(2010),tt1103153
Jersey Boys(2014),tt1742044
Shooter(2007),tt0822854
Silent Hill(2006),tt0384537
Sicario(2015),tt3397884
Red Sparrow(2018),tt2873282
How to Be Single(2016),tt1292566
Breaking In(2018),tt7137846
Boogeyman(2005),tt0357507
Practical Magic(1998),tt0120791
"Dude, Where's My Car?(2000)",tt0242423
Goosebumps 2: Haunted Halloween(2018),tt5664636
Phone Booth(2002),tt0183649
The Legend of Zorro(2005),tt0386140
Walking Tall(2004),tt0351977
The Best Exotic Marigold Hotel(2011),tt1412386
Blended(2014),tt1086772
Made of Honor(2008),tt0866439
Mike and Dave Need Wedding Dates(2016),tt2823054
Gangster Squad(2013),tt1321870
The Full Monty(1997),tt0119164
Ma(2019),tt7958736
Snatched(2017),tt2334871
Underworld: Rise of the Lycans(2009),tt0834001
Five Feet Apart(2019),tt6472976
Saw 3D(2010),tt1477076
The Tigger Movie(2000),tt0220099
The Great Wall(2016),tt2034800
Moonrise Kingdom(2012),tt1748122
The Man from U.N.C.L.E.(2015),tt1638355
Bean(1997),tt0118689
Domestic Disturbance(2001),tt0249478
Wonder Park(2019),tt6428676
Zoolander(2001),tt0196229
The Giver(2014),tt0435651
28 Days Later(2002),tt0289043
Hall Pass(2011),tt0480687
Smurfs: The Lost Village(2017),tt2398241
Going in Style(2017),tt2568862
Frequency(2000),tt0186151
First Man(2018),tt1213641
All Eyez on Me(2017),tt1666185
xXx: Return of Xander Cage(2017),tt1293847
Cop Out(2010),tt1385867
Cop Land(1997),tt0118887
Rambo: Last Blood(2019),tt1206885
Red Dawn(2012),tt1234719
The Replacements(2000),tt0191397
The Internship(2013),tt2234155
The Artist(2011),tt1655442
Meet Joe Black(1998),tt0119643
Lost in Translation(2003),tt0335266
Nothing to Lose(1997),tt0119807
Playing with Fire(2019),tt9134216
The Three Stooges(2012),tt0383010
47 Meters Down(2017),tt2932536
Amistad(1997),tt0118607
The Lovely Bones(2009),tt0380510
The Sisterhood of the Traveling Pants 2(2008),tt1018785
Speed Racer(2008),tt0811080
Must Love Dogs(2005),tt0417001
Prom Night(2008),tt0926129
Soul Surfer(2011),tt1596346
Queen & Slim(2019),tt8722346
The Gift(2015),tt4178092
Pokémon the Movie 2000(1999),tt0210234
Tears of the Sun(2003),tt0314353
Soul Food(1997),tt0120169
Under the Tuscan Sun(2003),tt0328589
Cats & Dogs: The Revenge of Kitty Galore(2010),tt1287468
Need for Speed(2014),tt2369135
Everest(2015),tt2719848
Year One(2009),tt1045778
Edge of Darkness(2010),tt1226273
Star Trek: Nemesis(2002),tt0253754
Sherlock Gnomes(2018),tt2296777
A Million Ways to Die in the West(2014),tt2557490
Transporter 2(2005),tt0388482
Harriet(2019),tt4648786
Reign of Fire(2002),tt0253556
The Night Before(2015),tt3530002
John Wick(2014),tt2911666
The Devil's Own(1997),tt0118972
Gulliver's Travels(2010),tt1320261
Rambo(2008),tt0462499
Death at a Funeral(2010),tt1321509
The Lizzie McGuire Movie(2003),tt0306841
Spanglish(2004),tt0371246
Krampus(2015),tt3850590
The Unborn(2009),tt1139668
Max(2015),tt3369806
Final Destination 5(2011),tt1622979
"Welcome Home, Roscoe Jenkins(2008)",tt0494652
Widows(2018),tt4218572
Step Up 3D(2010),tt1193631
Resident Evil: Retribution(2012),tt1855325
Birdman or (The Unexpected Virtue of Ignorance)(2014),tt2562232
Lady in the Water(2006),tt0452637
Planet 51(2009),tt0762125
Almost Christmas(2016),tt4649416
Drag Me to Hell(2009),tt1127180
Fever Pitch(2005),tt0332047
Secondhand Lions(2003),tt0327137
Riddick(2013),tt1411250
Dolphin Tale 2(2014),tt2978462
A Dog's Way Home(2019),tt7616798
Thir13en Ghosts(2001),tt0245674
Exorcist: The Beginning(2004),tt0204313
The Hills Have Eyes(2006),tt0454841
The Hours(2002),tt0274558
The Angry Birds Movie 2(2019),tt6095472
Bandits(2001),tt0219965
High Crimes(2002),tt0257756
Truth or Dare(2018),tt6772950
About a Boy(2002),tt0276751
Gosford Park(2001),tt0280707
A Walk to Remember(2002),tt0281358
The Peacemaker(1997),tt0119874
Private Parts(1997),tt0119951
Valerian and the City of a Thousand Planets(2017),tt2239822
What to Expect When You're Expecting(2012),tt1586265
Out of Time(2003),tt0313443
Money Monster(2016),tt2241351
John Tucker Must Die(2006),tt0455967
End of Watch(2012),tt1855199
The Siege(1998),tt0133952
Windtalkers(2002),tt0245562
The Star(2017),tt4587656
Little(2019),tt8085790
House on Haunted Hill(1999),tt0185371
"Love, Simon(2018)",tt5164432
Breakthrough(2019),tt7083526
Max Payne(2008),tt0467197
Stranger Than Fiction(2006),tt0420223
Pleasantville(1998),tt0120789
Duplicity(2009),tt1135487
Ghost in the Shell(2017),tt1219827
Blue Crush(2002),tt0300532
The Master of Disguise(2002),tt0295427
You Got Served(2004),tt0365957
Heartbreakers(2001),tt0125022
The Faculty(1998),tt0133751
Hanna(2011),tt0993842
Bridget Jones: The Edge of Reason(2004),tt0317198
Hardball(2001),tt0180734
There Will Be Blood(2007),tt0469494
Catwoman(2004),tt0327554
Legion(2010),tt1038686
Resident Evil(2002),tt0120804
The Wild Thornberrys(2002),tt0282120
Allied(2016),tt3640424
Righteous Kill(2008),tt1034331
Collateral Damage(2002),tt0233469
Enough(2002),tt0278435
I Still Know What You Did Last Summer(1998),tt0130018
The Illusionist(2006),tt0443543
The Ladykillers(2004),tt0335245
The Beach(2000),tt0163978
Jackie Brown(1997),tt0119396
30 Days of Night(2007),tt0389722
The Texas Chainsaw Massacre: The Beginning(2006),tt0420294
Little Nicky(2000),tt0185431
Crazy Heart(2009),tt1263670
Burlesque(2010),tt1126591
Rugrats Go Wild(2003),tt0337711
Body of Lies(2008),tt0758774
Second Act(2018),tt2126357
Lakeview Terrace(2008),tt0947802
Anna and the King(1999),tt0166485
Pitch Black(2000),tt0134847
King Arthur: Legend of the Sword(2017),tt1972591
The Grudge 2(2006),tt0433386
The Crazies(2010),tt0455407
The Sisterhood of the Traveling Pants(2005),tt0403508
Something Borrowed(2011),tt0491152
Crawl(2019),tt8364368
Primary Colors(1998),tt0119942
Earth to Echo(2014),tt2183034
Happy Gilmore(1996),tt0116483
Cruel Intentions(1999),tt0139134
Stardust(2007),tt0486655
Nerve(2016),tt3531824
Surrogates(2009),tt0986263
Sex Tape(2014),tt1956620
Spy Kids 4: All the Time in the World(2011),tt1517489
Rock of Ages(2012),tt1336608
Gridiron Gang(2006),tt0421206
Last Holiday(2006),tt0408985
47 Ronin(2013),tt1335975
Evolution(2001),tt0251075
Not Another Teen Movie(2001),tt0277371
The Original Kings of Comedy(2000),tt0236388
Scream 4(2011),tt1262416
10 Things I Hate About You(1999),tt0147800
Treasure Planet(2002),tt0133240
Head of State(2003),tt0325537
Ninja Assassin(2009),tt1186367
Harold & Kumar Escape from Guantanamo Bay(2008),tt0481536
Showtime(2002),tt0284490
Urban Legend(1998),tt0146336
Jigsaw(2017),tt3348730
The Brothers Grimm(2005),tt0355295
"Big Mommas: Like Father, Like Son(2011)",tt1464174
Jeepers Creepers(2001),tt0263488
Bedazzled(2000),tt0230030
The Secret Life of Bees(2008),tt0416212
Sky Captain and the World of Tomorrow(2004),tt0346156
Autumn in New York(2000),tt0174480
For Colored Girls(2010),tt1405500
Philomena(2013),tt2431286
How Stella Got Her Groove Back(1998),tt0120703
Good Boy(2003),tt0326900
Red Riding Hood(2011),tt1486185
Pan's Labyrinth(2006),tt0457430
The Nativity Story(2006),tt0762121
Crossroads(2002),tt0275022
In Time(2011),tt1637688
Abraham Lincoln: Vampire Hunter(2012),tt1611224
Invictus(2009),tt1057500
The Back-up Plan(2010),tt1212436
The Longest Ride(2015),tt2726560
Paul(2011),tt1092026
The Wild(2006),tt0405469
J. Edgar(2011),tt1616195
The Roommate(2011),tt1265990
Jumping the Broom(2011),tt1640484
Uptown Girls(2003),tt0263757
28 Days(2000),tt0191754
The Guilt Trip(2012),tt1694020
The Change-Up(2011),tt1488555
30 Minutes or Less(2011),tt1622547
Keeping the Faith(2000),tt0171433
Fight Club(1999),tt0137523
Sphere(1998),tt0120184
Clockstoppers(2002),tt0157472
That's My Boy(2012),tt1232200
The Family(2013),tt2404311
Risen(2016),tt3231054
Taxi(2004),tt0316732
My Favorite Martian(1999),tt0120764
Kiss of the Dragon(2001),tt0271027
Notorious(2009),tt0472198
Bounce(2000),tt0186894
Recess: School's Out(2001),tt0265632
Colombiana(2011),tt1657507
8MM(1999),tt0134273
Vampires Suck(2010),tt1666186
Freedom Writers(2007),tt0463998
The Gentlemen(2019),tt8367814
Set It Off(1996),tt0117603
Million Dollar Arm(2014),tt1647668
The Thin Red Line(1998),tt0120863
Sucker Punch(2011),tt0978764
Accepted(2006),tt0384793
Death Race(2008),tt0452608
The 15:17 to Paris(2018),tt6802308
The Nice Guys(2016),tt3799694
American Assassin(2017),tt1961175
Mile 22(2018),tt4560436
What a Girl Wants(2003),tt0286788
Walking with Dinosaurs 3D(2013),tt1762399
Hanging Up(2000),tt0162983
Derailed(2005),tt0398017
Just Mercy(2019),tt4916630
The Pink Panther 2(2009),tt0838232
The Theory of Everything(2014),tt2980516
Alpha(2018),tt4244998
The Boy(2016),tt3882082
The Island(2005),tt0399201
Smokin' Aces(2006),tt0475394
The Mothman Prophecies(2002),tt0265349
Changeling(2008),tt0824747
Jeepers Creepers 2(2003),tt0301470
Larry Crowne(2011),tt1583420
The American(2010),tt1440728
Dirty Grandpa(2016),tt1860213
Children of Men(2006),tt0206634
The Boy Next Door(2015),tt3181822
The Intruder(2019),tt6722030
Peppermint(2018),tt6850820
The Hustle(2019),tt1298644
The Messengers(2007),tt0425430
The Watch(2012),tt1298649
Frankenweenie(2012),tt1142977
The Flintstones in Viva Rock Vegas(2000),tt0158622
Carrie(2013),tt1939659
The Number 23(2007),tt0481369
For Love of the Game(1999),tt0126916
K-19: The Widowmaker(2002),tt0267626
Last Christmas(2019),tt8623904
Ouija: Origin of Evil(2016),tt4361050
Pan(2015),tt3332064
Step Up Revolution(2012),tt1800741
Drive(2011),tt0780504
A Very Harold & Kumar Christmas(2011),tt1268799
Green Zone(2010),tt0947810
The Skulls(2000),tt0192614
50/50(2011),tt1306980
The 5th Wave(2016),tt2304933
Overcomer(2019),tt8186318
Cradle 2 the Grave(2003),tt0306685
Judge Dredd(1995),tt0113492
Man on the Moon(1999),tt0125664
The 6th Day(2000),tt0216216
Thirteen Days(2000),tt0146309
Hot Pursuit(2015),tt2967224
Jack Frost(1998),tt0141109
Concussion(2015),tt3322364
Monster(2003),tt0340855
Malibu's Most Wanted(2003),tt0328099
Eternal Sunshine of the Spotless Mind(2004),tt0338013
The Foreigner(2017),tt1615160
Inferno(2016),tt3062096
Alexander(2004),tt0346491
This Is Where I Leave You(2014),tt1371150
The Hunted(2003),tt0269347
The Reader(2008),tt0976051
My Dog Skip(2000),tt0156812
"Everything, Everything(2017)",tt5001718
Instinct(1999),tt0128278
The Best Man(1999),tt0168501
The DUFF(2015),tt1666801
Snakes on a Plane(2006),tt0417148
Death Wish(2018),tt1137450
Closer(2004),tt0376541
Mickey Blue Eyes(1999),tt0130121
The Punisher(2004),tt0330793
Wind River(2017),tt5362988
Where the Heart Is(2000),tt0198021
She's the Man(2006),tt0454945
Dreamcatcher(2003),tt0285531
Amélie(2001),tt0211915
Geostorm(2017),tt1981128
The Gambler(2014),tt2039393
Marmaduke(2010),tt1392197
R.I.P.D.(2013),tt0790736
Flags of Our Fathers(2006),tt0418689
The Constant Gardener(2005),tt0387131
The Spy Who Dumped Me(2018),tt6663582
I Spy(2002),tt0297181
Scott Pilgrim vs. the World(2010),tt0446029
Pay It Forward(2000),tt0223897
Matilda(1996),tt0117008
The Long Kiss Goodnight(1996),tt0116908
Doubt(2008),tt0918927
Black Knight(2001),tt0265087
Halloween II(2009),tt1311067
Jojo Rabbit(2019),tt2584384
See Spot Run(2001),tt0250720
The Informant!(2009),tt1130080
Woman in Gold(2015),tt2404425
Zodiac(2007),tt0443706
The Second Best Exotic Marigold Hotel(2015),tt2555736
The Rite(2011),tt1161864
Arthur(2011),tt1334512
Dracula 2000(2000),tt0219653
Bad News Bears(2005),tt0408524
Team America: World Police(2004),tt0372588
Dreamer(2005),tt0418647
Hereafter(2010),tt1212419
Annihilation(2018),tt2798920
Return to Me(2000),tt0122459
Driven(2001),tt0132245
The 13th Warrior(1999),tt0120657
Taking Lives(2004),tt0364045
Because of Winn-Dixie(2005),tt0317132
Proof of Life(2000),tt0228750
The Pianist(2002),tt0253474
October Sky(1999),tt0132477
Darkness Falls(2003),tt0282209
Almost Famous(2000),tt0181875
Mother's Day(2016),tt4824302
Paranormal Activity: The Marked Ones(2014),tt2473682
The Men Who Stare at Goats(2009),tt1234548
Bride of Chucky(1998),tt0144120
Rumble in the Bronx(1995),tt0113326
500 Days of Summer(2009),tt1022603
Nightcrawler(2014),tt2872718
Love & Other Drugs(2010),tt0758752
Entourage(2015),tt1674771
What's the Worst That Could Happen?(2001),tt0161083
Anacondas: The Hunt for the Blood Orchid(2004),tt0366174
The Love Guru(2008),tt0811138
Cold Pursuit(2019),tt5719748
Final Fantasy: The Spirits Within(2001),tt0173840
Analyze That(2002),tt0289848
Stealth(2005),tt0382992
House of Wax(2005),tt0397065
Scary Movie V(2013),tt0795461
She's Out of My League(2010),tt0815236
Cellular(2004),tt0337921
Paper Towns(2015),tt3622592
Murder by Numbers(2002),tt0264935
Patriots Day(2016),tt4572514
Milk(2008),tt1013753
Push(2009),tt0465580
Lake Placid(1999),tt0139414
Bombshell(2019),tt6394270
9(2009),tt0472033
The Wedding Date(2005),tt0372532
Nobody's Fool(2018),tt8097306
Quarantine(2008),tt1082868
For Richer or Poorer(1997),tt0119142
House at the End of the Street(2012),tt1582507
From Hell(2001),tt0120681
One Hour Photo(2002),tt0265459
Doctor Sleep(2019),tt5606664
Chappie(2015),tt1823672
"Good Night, and Good Luck.(2005)",tt0433383
A History of Violence(2005),tt0399146
Random Hearts(1999),tt0156934
Nick and Norah's Infinite Playlist(2008),tt0981227
United 93(2006),tt0475276
Zack and Miri Make a Porno(2008),tt1007028
Adrift(2018),tt6306064
Leatherheads(2008),tt0379865
Monster's Ball(2001),tt0285742
Johnson Family Vacation(2004),tt0359517
The Core(2003),tt0298814
How High(2001),tt0278488
The Debt(2010),tt1226753
The Mortal Instruments: City of Bones(2013),tt1538403
Charlie St. Cloud(2010),tt1438254
Gods of Egypt(2016),tt2404233
Crimson Peak(2015),tt2554274
The Pirates! Band of Misfits(2012),tt1430626
Calendar Girls(2003),tt0337909
Collateral Beauty(2016),tt4682786
Morning Glory(2010),tt1126618
Get Rich or Die Tryin'(2005),tt0430308
Kidnap(2017),tt1458169
Hollywood Homicide(2003),tt0329717
The Legend of Bagger Vance(2000),tt0146984
Home Alone 3(1997),tt0119303
Robin Hood(2018),tt4532826
Dragon Ball Super: Broly(2018),tt7961060
3 Days to Kill(2014),tt2172934
Delivery Man(2013),tt2387559
Dogma(1999),tt0120655
Superstar(1999),tt0167427
Super Troopers 2(2018),tt0859635
Deliver Us from Evil(2014),tt2377322
Holmes & Watson(2018),tt1255919
Slender Man(2018),tt5690360
"Hail, Caesar!(2016)",tt0475290
The Sitter(2011),tt1366344
Halloween: Resurrection(2002),tt0220506
Underworld: Blood Wars(2016),tt3717252
The Mountain Between Us(2017),tt2226597
Queen of the Damned(2002),tt0238546
Dragonfly(2002),tt0259288
Long Shot(2019),tt2139881
Honey(2003),tt0322589
The Banger Sisters(2002),tt0280460
Assassins(1995),tt0112401
The Fighting Temptations(2003),tt0191133
Life(2017),tt5442430
How Do You Know(2010),tt1341188
The Art of War(2000),tt0160009
Bad Company(2002),tt0280486
When the Game Stands Tall(2014),tt2247476
Ghost Ship(2002),tt0288477
Space Chimps(2008),tt0482603
Daybreakers(2009),tt0433362
Jay and Silent Bob Strike Back(2001),tt0261392
Elizabeth(1998),tt0127536
Grudge Match(2013),tt1661382
Teen Titans GO! To the Movies(2018),tt7424200
Mystery Men(1999),tt0132347
The New Guy(2002),tt0241760
When the Bough Breaks(2016),tt1389139
The Hate U Give(2018),tt5580266
Did You Hear About the Morgans?(2009),tt1314228
The Fog(2005),tt0432291
Bless the Child(2000),tt0163983
Zathura: A Space Adventure(2005),tt0406375
Child's Play(2019),tt8663516
Priest(2011),tt0822847
One Direction: This Is Us(2013),tt2515086
The Mechanic(2011),tt0472399
The Insider(1999),tt0140352
Rent(2005),tt0294870
The Stepfather(2009),tt0814335
Nanny McPhee Returns(2010),tt1415283
The Watcher(2000),tt0204626
"Girl, Interrupted(1999)",tt0172493
The Five-Year Engagement(2012),tt1195478
Kick-Ass 2(2013),tt1650554
Point Break(2015),tt2058673
Capote(2005),tt0379725
Baby Boy(2001),tt0255819
Ready or Not(2019),tt7798634
Untraceable(2008),tt0880578
Defiance(2008),tt1034303
Swimfan(2002),tt0283026
We Own the Night(2007),tt0498399
Mr. Brooks(2007),tt0780571
Brothers(2009),tt0765010
The Out-of-Towners(1999),tt0129280
21 Bridges(2019),tt8688634
Employee of the Month(2006),tt0424993
The Crocodile Hunter: Collision Course(2002),tt0305396
The Nut Job 2: Nutty by Nature(2017),tt3486626
After the Sunset(2004),tt0367479
Doom(2005),tt0419706
The Prince and Me(2004),tt0337697
Happy Death Day 2U(2019),tt8155288
The Ant Bully(2006),tt0429589
Abduction(2011),tt1600195
Johnny English(2003),tt0274166
Beastly(2011),tt1152398
Moonlight(2016),tt4975722
Crank(2006),tt0479884
The Other Sister(1999),tt0123209
The Majestic(2001),tt0268995
Rings(2017),tt0498381
Logan Lucky(2017),tt5439796
The Switch(2010),tt0889573
Sinister 2(2015),tt2752772
Oculus(2013),tt2388715
Saw VI(2009),tt1233227
The Island of Dr. Moreau(1996),tt0116654
Nobody(2021),tt7888964
Love & Basketball(2000),tt0199725
Friday(1995),tt0113118
The Brothers(2001),tt0250274
Midsommar(2019),tt8772262
Florence Foster Jenkins(2016),tt4136084
The Last Witch Hunter(2015),tt1618442
Brown Sugar(2002),tt0297037
Someone Like You(2001),tt0244970
Fantasy Island(2020),tt0983946
Dallas Buyers Club(2013),tt0790636
High Fidelity(2000),tt0146882
Baby Geniuses(1999),tt0118665
Cats(2019),tt5697572
Brooklyn's Finest(2009),tt1210042
The Story of Us(1999),tt0160916
Joe Dirt(2001),tt0245686
The Musketeer(2001),tt0246544
Home Again(2017),tt5719700
Hell or High Water(2016),tt2582782
Spy Hard(1996),tt0117723
Rush(2013),tt1979320
The Women(2008),tt0430770
One Missed Call(2008),tt0479968
Paulie(1998),tt0125454
Elizabethtown(2005),tt0368709
Resident Evil: The Final Chapter(2016),tt2592614
Ricki and the Flash(2015),tt3623726
The Other Boleyn Girl(2008),tt0467200
The Best of Me(2014),tt1972779
A Man Apart(2003),tt0266465
Winnie the Pooh(2011),tt1449283
The Host(2013),tt1517260
The Forest(2016),tt3387542
Machete(2010),tt0985694
An American Werewolf in Paris(1997),tt0118604
Harriet the Spy(1996),tt0116493
Blast from the Past(1999),tt0124298
Sinbad: Legend of the Seven Seas(2003),tt0165982
Run All Night(2015),tt2199571
Book of Shadows: Blair Witch 2(2000),tt0229260
Street Kings(2008),tt0421073
Boogie Nights(1997),tt0118749
One for the Money(2012),tt1598828
Ben-Hur(2016),tt2638144
The Art of Racing in the Rain(2019),tt1478839
A Walk Among the Tombstones(2014),tt0365907
Love the Coopers(2015),tt2279339
Dumb and Dumberer: When Harry Met Lloyd(2003),tt0329028
The Wrestler(2008),tt1125849
Blood Work(2002),tt0309377
Ramona and Beezus(2010),tt0493949
That Awkward Moment(2014),tt1800246
The Adventures of Rocky & Bullwinkle(2000),tt0131704
The World's End(2013),tt1213663
Leap Year(2010),tt1216492
All About the Benjamins(2002),tt0278295
Alex Cross(2012),tt1712170
Frida(2002),tt0120679
Æon Flux(2005),tt0402022
From Dusk Till Dawn(1996),tt0116367
The Lazarus Effect(2015),tt2918436
You Again(2010),tt1414382
21 & Over(2013),tt1711425
Dance Flick(2009),tt1153706
Countdown(2019),tt10039344
The Mist(2007),tt0884328
Billy Madison(1995),tt0112508
The House(2017),tt4481514
Jonah: A VeggieTales Movie(2002),tt0298388
Her(2013),tt1798709
Memento(2000),tt0209144
Captain Corelli's Mandolin(2001),tt0238112
W.(2008),tt1175491
Serenity(2005),tt0379786
Mimic(1997),tt0119675
The International(2009),tt0963178
Ex Machina(2014),tt0470752
Boyhood(2014),tt1065073
Katy Perry: Part of Me(2012),tt2215719
The Transporter(2002),tt0293662
Jersey Girl(2004),tt0300051
Aliens in the Attic(2009),tt0775552
Twisted(2004),tt0315297
Nurse Betty(2000),tt0171580
The Witch(2015),tt4263482
Killer Elite(2011),tt1448755
Midnight in the Garden of Good and Evil(1997),tt0119668
The Wood(1999),tt0161100
Grindhouse(2007),tt0462322
In the Heart of the Sea(2015),tt1390411
Piranha 3D(2010),tt0464154
Never Back Down(2008),tt1023111
Season of the Witch(2011),tt0479997
Our Idiot Brother(2011),tt1637706
Gifted(2017),tt4481414
Thank You for Smoking(2005),tt0427944
Arlington Road(1999),tt0137363
Lottery Ticket(2010),tt0979434
The Sweetest Thing(2002),tt0253867
Fargo(1996),tt0116282
Sicko(2007),tt0386032
Unleashed(2005),tt0342258
Don Jon(2013),tt2229499
Downsizing(2017),tt1389072
Elektra(2005),tt0357277
15 Minutes(2001),tt0179626
Sparkle(2012),tt1876451
The Spy Next Door(2010),tt1273678
Bridget Jones's Baby(2016),tt1473832
Hearts in Atlantis(2001),tt0252501
Angel Eyes(2001),tt0225071
Lord of War(2005),tt0399295
Clerks II(2006),tt0424345
From Paris with Love(2010),tt1179034
Don't Be Afraid of the Dark(2010),tt1270761
The Life Aquatic with Steve Zissou(2004),tt0362270
White Boy Rick(2018),tt4537896
Around the World in 80 Days(2004),tt0327437
Observe and Report(2009),tt1197628
The Wicker Man(2006),tt0450345
Agent Cody Banks 2: Destination London(2004),tt0358349
The Losers(2010),tt0480255
Kevin Hart: What Now?(2016),tt4669186
Traitor(2008),tt0988047
Heist(2001),tt0252503
Endless Love(2014),tt2318092
The Avengers(1998),tt0118661
Reindeer Games(2000),tt0184858
Bulletproof Monk(2003),tt0245803
The Usual Suspects(1995),tt0114814
The Iron Giant(1999),tt0129167
Kingdom Come(2001),tt0246002
Faster(2010),tt1433108
Pompeii(2014),tt1921064
Sanctum(2011),tt0881320
Monte Carlo(2011),tt1067774
Match Point(2005),tt0416320
Whiskey Tango Foxtrot(2016),tt3553442
Transcendence(2014),tt2209764
Two for the Money(2005),tt0417217
Love Happens(2009),tt0899106
Fighting with My Family(2019),tt6513120
Ella Enchanted(2004),tt0327679
Revolutionary Road(2008),tt0959337
Being John Malkovich(1999),tt0120601
Beloved(1998),tt0120603
Prime(2005),tt0387514
A Dog's Journey(2019),tt8385474
Joe Somebody(2001),tt0279889
Titan A.E.(2000),tt0120913
Dickie Roberts: Former Child Star(2003),tt0325258
Booksmart(2019),tt1489887
The Black Dahlia(2006),tt0387877
The Incredible Burt Wonderstone(2013),tt0790628
Babylon A.D.(2008),tt0364970
Adaptation.(2002),tt0268126
Hitman: Agent 47(2015),tt2679042
Magnolia(1999),tt0175880
Fame(2009),tt1016075
City by the Sea(2002),tt0269095
Edtv(1999),tt0131369
The Alamo(2004),tt0318974
Deuce Bigalow: European Gigolo(2005),tt0367652
The Bye Bye Man(2017),tt4030600
Stuber(2019),tt7734218
At First Sight(1999),tt0132512
Project Almanac(2015),tt2436386
Richard Jewell(2019),tt3513548
47 Meters Down: Uncaged(2019),tt7329656
Two Can Play That Game(2001),tt0269341
Hustle & Flow(2005),tt0410097
Like a Boss(2020),tt7545266
Darkness(2002),tt0273517
Rough Night(2017),tt4799050
Biker Boyz(2003),tt0326769
Black and Blue(2019),tt7390646
Billy Elliot(2000),tt0249462
Joy Ride(2001),tt0206314
Hellboy(2019),tt2274648
My Little Pony: The Movie(2017),tt4131800
A Lot Like Love(2005),tt0391304
The Big Wedding(2013),tt1931435
Boys and Girls(2000),tt0204175
The Bachelor(1999),tt0120596
Overlord(2018),tt4530422
Your Highness(2011),tt1240982
Snowden(2016),tt3774114
Bowling for Columbine(2002),tt0310793
Black or White(2014),tt2883434
Psycho(1998),tt0155975
Battlefield Earth(2000),tt0185183
Urban Legends: Final Cut(2000),tt0192731
The Darkest Hour(2011),tt1093357
A Very Brady Sequel(1996),tt0118073
Mr. Magoo(1997),tt0119718
The Place Beyond the Pines(2012),tt1817273
Skyline(2010),tt1564585
Mars Needs Moms(2011),tt1305591
Shaft(2019),tt4463894
Van Wilder(2002),tt0283111
Dream House(2011),tt1462041
Conan the Barbarian(2011),tt0816462
The Grudge(2019),tt3612126
Torque(2004),tt0329691
ATL(2006),tt0466856
The Next Three Days(2010),tt1458175
Stir of Echoes(1999),tt0164181
Antwone Fisher(2002),tt0168786
Aloha(2015),tt1243974
Flight of the Phoenix(2004),tt0377062
Fantastic Mr. Fox(2009),tt0432283
Flicka(2006),tt0434215
Looney Tunes: Back in Action(2003),tt0318155
The X Files: I Want to Believe(2008),tt0443701
Proud Mary(2018),tt6421110
The Kids Are All Right(2010),tt0842926
Free State of Jones(2016),tt1124037
The Hills Have Eyes 2(2007),tt0800069
Whale Rider(2002),tt0298228
Blair Witch(2016),tt1540011
Diary of a Wimpy Kid: The Long Haul(2017),tt6003368
The Happytime Murders(2018),tt1308728
Land of the Dead(2005),tt0418819
Little Black Book(2004),tt0361841
Keanu(2016),tt4139124
The Photograph(2020),tt7798646
SuperFly(2018),tt7690670
The Circle(2017),tt4287320
The Peanut Butter Falcon(2019),tt4364194
Brick Mansions(2014),tt1430612
Valentine(2001),tt0242998
The Three Musketeers(2011),tt1509767
Showgirls(1995),tt0114436
Reno 911!: Miami(2007),tt0499554
Vampires(1998),tt0120877
Gone Baby Gone(2007),tt0452623
Premium Rush(2012),tt1547234
Pulse(2006),tt0454919
Country Strong(2010),tt1555064
Appaloosa(2008),tt0800308
Secret in Their Eyes(2015),tt1741273
Homefront(2013),tt2312718
Big Miracle(2012),tt1430615
UglyDolls(2019),tt1946502
Down to You(2000),tt0186975
Assault on Precinct 13(2005),tt0398712
Middle School: The Worst Years of My Life(2016),tt4981636
The Life of David Gale(2003),tt0289992
Mafia!(1998),tt0120741
Hard Rain(1998),tt0120696
Summer Catch(2001),tt0234829
The Pledge(2001),tt0237572
Broken City(2013),tt1235522
Nine Lives(2016),tt4383594
Nine(2009),tt0875034
Reign Over Me(2007),tt0490204
Astro Boy(2009),tt0375568
Igor(2008),tt0465502
The Eagle(2011),tt1034389
Timeline(2003),tt0300556
Valiant(2005),tt0361089
Beautiful Creatures(2013),tt1559547
Oceans(2008),tt0765128
Saving Silverman(2001),tt0239948
The Producers(2005),tt0395251
Wonder Boys(2000),tt0185014
Vacancy(2007),tt0452702
Runner Runner(2013),tt2364841
Cursed(2005),tt0257516
Summer of Sam(1999),tt0162677
My Best Friend's Girl(2008),tt1046163
Martin Lawrence Live: Runteldat(2002),tt0327036
Hart's War(2002),tt0251114
Johnny Mnemonic(1995),tt0113481
"I, Frankenstein(2014)",tt1418377
Remember Me(2010),tt1403981
Unplanned(2019),tt9024106
Rollerball(2002),tt0246894
Haywire(2011),tt1506999
Shark Night(2011),tt1633356
The Legend of Hercules(2014),tt1043726
Akeelah and the Bee(2006),tt0437800
The Upside of Anger(2005),tt0365885
Still Alice(2014),tt3316960
Best in Show(2000),tt0218839
Anywhere But Here(1999),tt0149691
The Ninth Gate(1999),tt0142688
The Quick and the Dead(1995),tt0114214
Frost/Nixon(2008),tt0870111
Man on a Ledge(2012),tt1568338
CHIPS(2017),tt0493405
Aquamarine(2006),tt0429591
Ultraviolet(2006),tt0370032
Super Troopers(2001),tt0247745
The Invention of Lying(2009),tt1058017
A Thousand Words(2012),tt0763831
Only the Brave(2017),tt3829920
North Country(2005),tt0395972
127 Hours(2010),tt1542344
Babe: Pig in the City(1998),tt0120595
Walk Hard: The Dewey Cox Story(2007),tt0841046
The Four Feathers(2002),tt0240510
Fright Night(2011),tt1438176
Paranormal Activity: The Ghost Dimension(2015),tt2473510
Harold & Kumar Go to White Castle(2004),tt0366551
The Last Castle(2001),tt0272020
The Glass House(2001),tt0221218
Last Man Standing(1996),tt0116830
Pooh's Heffalump Movie(2005),tt0407121
Admission(2013),tt1814621
The Contender(2000),tt0208874
Laws of Attraction(2004),tt0323033
Drive Me Crazy(1999),tt0164114
Bad Times at the El Royale(2018),tt6628394
School for Scoundrels(2006),tt0462519
Going the Distance(2010),tt1322312
Charlie's Angels(2019),tt5033998
Mother!(2017),tt5109784
Bad Santa 2(2016),tt1798603
EuroTrip(2004),tt0356150
Steve Jobs(2015),tt2080374
The Rage: Carrie 2(1999),tt0144814
Apollo 18(2011),tt1772240
My Baby's Daddy(2004),tt0332712
Kit Kittredge: An American Girl(2008),tt0846308
Nebraska(2013),tt1821549
Furry Vengeance(2010),tt0492389
The Postman(1997),tt0119925
Parker(2013),tt1904996
Operation Finale(2018),tt5208252
Hostel: Part II(2007),tt0498353
The Last King of Scotland(2006),tt0455590
Empire(2002),tt0262396
"Paul, Apostle of Christ(2018)",tt7388562
Silent Hill: Revelation(2012),tt0938330
Dope(2015),tt3850214
Red Planet(2000),tt0199753
Dark Skies(2013),tt2387433
A Haunted House 2(2014),tt2828996
Eight Legged Freaks(2002),tt0271367
Inkheart(2008),tt0494238
Brightburn(2019),tt7752126
Max Keeble's Big Move(2001),tt0273799
Small Time Crooks(2000),tt0196216
Fired Up!(2009),tt1083456
Seventh Son(2014),tt1121096
Center Stage(2000),tt0210616
The Good Liar(2019),tt5563334
Kung Fu Hustle(2004),tt0373074
Rushmore(1998),tt0128445
Seed of Chucky(2004),tt0387575
Win a Date with Tad Hamilton!(2004),tt0335559
Pokémon 3 the Movie: Spell of the Unown(2000),tt0235679
The Devil's Rejects(2005),tt0395584
Son of the Mask(2005),tt0362165
The Hurt Locker(2008),tt0887912
Splice(2009),tt1017460
Rock Star(2001),tt0202470
Wimbledon(2004),tt0360201
The Country Bears(2002),tt0276033
The Counselor(2013),tt2193215
Boiler Room(2000),tt0181984
Go(1999),tt0139239
Crazy/Beautiful(2001),tt0250224
Serving Sara(2002),tt0261289
The Thing(2011),tt0905372
Flatliners(2017),tt2039338
Lost Souls(2000),tt0160484
Dead Silence(2007),tt0455760
Rebound(2005),tt0376108
Bringing Out the Dead(1999),tt0163988
Detroit(2017),tt5390504
Catch That Kid(2004),tt0337917
Unaccompanied Minors(2006),tt0488658
True Crime(1999),tt0139668
Muppets from Space(1999),tt0158811
The Perfect Man(2005),tt0380623
Original Sin(2001),tt0218922
Eye of the Beholder(1999),tt0120662
Forever My Girl(2018),tt4103724
White Oleander(2002),tt0283139
The Whole Ten Yards(2004),tt0327247
A Simple Plan(1998),tt0120324
Young Adult(2011),tt1625346
An American Haunting(2005),tt0429573
21 Grams(2003),tt0315733
Swing Vote(2008),tt1027862
Jennifer's Body(2009),tt1131734
Vanity Fair(2004),tt0241025
Jobs(2013),tt2357129
Waiting...(2005),tt0348333
Imagine That(2009),tt0780567
A Midsummer Night's Dream(1999),tt0140379
Kung Pow: Enter the Fist(2002),tt0240468
The Raven(2012),tt1486192
Confessions of a Dangerous Mind(2002),tt0270288
Armored(2009),tt0913354
Marie Antoinette(2006),tt0422720
Mortal Engines(2018),tt1571234
Far from Heaven(2002),tt0297884
The Birth of a Nation(2016),tt4196450
Devil's Due(2014),tt2752758
Eddie the Eagle(2015),tt1083452
The Gospel(2005),tt0451069
Hunter Killer(2018),tt1846589
3000 Miles to Graceland(2001),tt0233142
Pride and Glory(2008),tt0482572
Life as a House(2001),tt0264796
The Man with the Iron Fists(2012),tt1258972
Loser(2000),tt0217630
My Boss's Daughter(2003),tt0270980
A Guy Thing(2003),tt0295289
The Ghost Writer(2010),tt1139328
All the Pretty Horses(2000),tt0149624
Catch and Release(2006),tt0395495
A Perfect Getaway(2009),tt0971209
Drowning Mona(2000),tt0186045
The Turning(2020),tt7510346
Wrong Turn(2003),tt0295700
Dungeons & Dragons(2000),tt0190374
Bait(2000),tt0211938
Bangkok Dangerous(2008),tt0814022
Youth in Revolt(2009),tt0403702
The Last Exorcism Part II(2013),tt2034139
The Corruptor(1999),tt0142192
Arthur and the Invisibles(2006),tt0344854
"The Goods: Live Hard, Sell Hard(2009)",tt1092633
The Invasion(2007),tt0427392
American Psycho(2000),tt0144084
Twilight(1998),tt0119594
The Box(2009),tt0362478
See No Evil(2006),tt0437179
Killing Them Softly(2012),tt1764234
Seven Psychopaths(2012),tt1931533
Judy Moody and the Not Bummer Summer(2011),tt1547230
Miss Bala(2019),tt5941692
Lions for Lambs(2007),tt0891527
The Next Best Thing(2000),tt0156841
Solaris(2002),tt0307479
Get Carter(2000),tt0208988
Keeping Up with the Joneses(2016),tt2387499
Election(1999),tt0126886
Music of the Heart(1999),tt0166943
The Prodigy(2019),tt4504044
The Girl in the Spider's Web(2018),tt5177088
The Possession of Hannah Grace(2018),tt5734576
"I Love You, Beth Cooper(2009)",tt1032815
My Soul to Take(2010),tt0872230
Beyond the Lights(2014),tt3125324
Soldier(1998),tt0120157
Welcome to Mooseport(2004),tt0361925
Life or Something Like It(2002),tt0282687
American Ultra(2015),tt3316948
The Edge of Seventeen(2016),tt1878870
Snow Falling on Cedars(1999),tt0120834
Tea with Mussolini(1999),tt0120857
Godsend(2004),tt0335121
Awake(2007),tt0211933
Capitalism: A Love Story(2009),tt1232207
Lockout(2012),tt1592525
Ballistic: Ecks vs. Sever(2002),tt0308208
Wish Upon(2017),tt5322012
The Messenger: The Story of Joan of Arc(1999),tt0151137
Josie and the Pussycats(2001),tt0236348
Freddy Got Fingered(2001),tt0240515
Amelia(2009),tt1129445
Supernova(2000),tt0134983
Alex & Emma(2003),tt0318283
How to Deal(2003),tt0319524
Disaster Movie(2008),tt1213644
Soul Plane(2004),tt0367085
Dirty Dancing: Havana Nights(2004),tt0338096
Spring Breakers(2012),tt2101441
The Emperor's Club(2002),tt0283530
New York Minute(2004),tt0363282
Virus(1999),tt0120458
Left Behind(2014),tt2467046
The Good Girl(2002),tt0279113
What's Your Number?(2011),tt0770703
Whiplash(2014),tt2582802
Out Cold(2001),tt0253798
The Deep End of the Ocean(1999),tt0120646
Cirque du Freak: The Vampire's Assistant(2009),tt0450405
One Day(2011),tt1563738
Fly Me to the Moon 3D(2007),tt0486321
Repo Men(2010),tt1053424
Letters from Iwo Jima(2006),tt0498380
The Tailor of Panama(2001),tt0236784
Hey Arnold! The Movie(2002),tt0314166
The Man Who Knew Too Little(1997),tt0120483
Nixon(1995),tt0113987
Warrior(2011),tt1291584
Burnt(2015),tt2503944
The Ladies Man(2000),tt0213790
The Little Vampire(2000),tt0192255
The Namesake(2006),tt0433416
Envy(2004),tt0326856
Tomcats(2001),tt0246989
De-Lovely(2004),tt0352277
Secrets & Lies(1996),tt0117589
Dredd(2012),tt1343727
Alfie(2004),tt0375173
One Night with the King(2006),tt0430431
Labor Day(2013),tt1967545
Friends with Money(2006),tt0436331
Ghost Town(2008),tt0995039
Sugar & Spice(2001),tt0186589
The Tree of Life(2011),tt0478304
The Mod Squad(1999),tt0120757
Case 39(2009),tt0795351
Feardotcom(2002),tt0295254
Jason X(2001),tt0211443
Dr. T & the Women(2000),tt0205271
Frailty(2001),tt0264616
The Rum Diary(2011),tt0376136
Flyboys(2006),tt0454824
25th Hour(2002),tt0307901
Whip It(2009),tt1172233
Angela's Ashes(1999),tt0145653
House of Sand and Fog(2003),tt0315983
The Crew(2000),tt0198386
The Quiet American(2002),tt0258068
Living Out Loud(1998),tt0120722
Gods and Generals(2003),tt0279111
The Honeymooners(2005),tt0373908
They(2002),tt0283632
Highlander: Endgame(2000),tt0144964
Shoot 'Em Up(2007),tt0465602
I Heart Huckabees(2004),tt0356721
Undisputed(2002),tt0281322
The New World(2005),tt0402399
The Darkest Minds(2018),tt4073790
House of 1000 Corpses(2003),tt0251736
The Omega Code(1999),tt0203408
Brahms: The Boy II(2020),tt9173418
Winter's Tale(2014),tt1837709
The Matador(2005),tt0365485
An Education(2009),tt1174732
Bloodshot(2020),tt1634106
I Think I Love My Wife(2007),tt0770772
The Light Between Oceans(2016),tt2547584
The Weather Man(2005),tt0384680
People Like Us(2012),tt1716777
Ready to Rumble(2000),tt0217756
Hot Tub Time Machine 2(2015),tt2637294
Self/less(2015),tt2140379
Breakin' All the Rules(2004),tt0349169
Confidence(2003),tt0310910
I'll Be Home for Christmas(1998),tt0155753
Chasing Liberty(2004),tt0360139
The Kitchen(2019),tt5822564
Saving Grace(2000),tt0195234
After(2019),tt4126476
Let Me In(2010),tt1228987
Holy Man(1998),tt0120701
Extraordinary Measures(2010),tt1244659
The Last Stand(2013),tt1549920
In Dreams(1999),tt0120710
The King and I(1999),tt0160429
End of the Spear(2005),tt0399862
Sorority Row(2009),tt1232783
"Roman J. Israel, Esq.(2017)",tt6000478
The Thirteenth Floor(1999),tt0139809
The Darjeeling Limited(2007),tt0838221
Glee: The 3D Concert Movie(2011),tt1922612
Sliding Doors(1998),tt0120148
Meet Dave(2008),tt0765476
Dave Chappelle's Block Party(2005),tt0425598
The Adventures of Elmo in Grouchland(1999),tt0159421
The Muse(1999),tt0164108
The Last Kiss(2006),tt0434139
Wing Commander(1999),tt0131646
Get Over It(2001),tt0192071
Turbulence(1997),tt0120390
The Conspirator(2010),tt0968264
Fair Game(1995),tt0113010
The Words(2012),tt1840417
The Beautician and the Beast(1997),tt0118691
The Shipping News(2001),tt0120824
The Powerpuff Girls Movie(2002),tt0289408
Unforgettable(2017),tt3462710
Out of the Furnace(2013),tt1206543
Brotherhood of the Wolf(2001),tt0237534
Lords of Dogtown(2005),tt0355702
Chill Factor(1999),tt0163579
Hell Fest(2018),tt1999890
Michael Collins(1996),tt0117039
The Astronaut Farmer(2006),tt0469263
The Young Victoria(2009),tt0962736
Dragon Wars: D-War(2007),tt0372873
Pride and Prejudice and Zombies(2016),tt1374989
Leave It to Beaver(1997),tt0119509
Cookie's Fortune(1999),tt0126250
Stop-Loss(2008),tt0489281
The End of the Affair(1999),tt0172396
Office Space(1999),tt0151804
Extract(2009),tt1225822
Welcome to Marwen(2018),tt3289724
Abandon(2002),tt0267248
The Drop(2014),tt1600196
Impractical Jokers: The Movie(2020),tt9208444
Deconstructing Harry(1997),tt0118954
Fear and Loathing in Las Vegas(1998),tt0120669
The Astronaut's Wife(1999),tt0138304
Universal Soldier: The Return(1999),tt0176269
The Gunman(2015),tt2515034
Not Easily Broken(2009),tt0795438
Drop Dead Gorgeous(1999),tt0157503
Three to Tango(1999),tt0144640
Jonah Hex(2010),tt1075747
Mad City(1997),tt0119592
Here on Earth(2000),tt0195778
Getaway(2013),tt2167202
Home Fries(1998),tt0119304
Narc(2002),tt0272207
Black Christmas(2019),tt10481868
Moms' Night Out(2014),tt3014666
Head Over Heels(2001),tt0192111
Raise Your Voice(2004),tt0361696
The Scarlet Letter(1995),tt0114345
Pandorum(2009),tt1188729
Straw Dogs(2011),tt0999913
La Vie En Rose(2007),tt0450188
Whiteout(2009),tt0365929
The Boondock Saints II: All Saints Day(2009),tt1300851
Kinsey(2004),tt0362269
House of the Dead(2003),tt0317676
Pathfinder(2007),tt0446013
Unfinished Business(2015),tt2358925
The Best of Enemies(2019),tt4807408
Sorority Boys(2002),tt0279781
The Great Raid(2005),tt0326905
The Belko Experiment(2016),tt1082807
Bats(1999),tt0200469
The Fountain(2006),tt0414993
The Walk(2015),tt3488710
Prom(2011),tt1604171
Brokedown Palace(1999),tt0120620
The Wash(2001),tt0290332
The Girl with the Dragon Tattoo(2009),tt1132620
Emma.(2020),tt9214832
Marshall(2017),tt5301662
Lucky Numbers(2000),tt0219952
Godzilla 2000(1999),tt0188640
The Red Violin(1998),tt0120802
Cutthroat Island(1995),tt0112760
Dudley Do-Right(1999),tt0160236
Very Bad Things(1998),tt0124198
I Still Believe(2020),tt9779516
3 Strikes(2000),tt0199290
The Express(2008),tt0469903
Duplex(2003),tt0266489
I Don't Know How She Does It(2011),tt1742650
Digimon: The Movie(2000),tt0259974
Fair Game(2010),tt0977855
Thank You for Your Service(2017),tt2776878
Away We Go(2009),tt1176740
Fun Size(2012),tt1663143
Black Snake Moan(2006),tt0462200
Motherless Brooklyn(2019),tt0385887
Ringmaster(1998),tt0165494
Dark Blue(2002),tt0279331
Everybody's Fine(2009),tt0780511
Peeples(2013),tt1699755
Get Low(2009),tt1194263
A Mighty Heart(2007),tt0829459
A Single Man(2009),tt1315981
Huevos: Little Rooster's Egg-cellent Adventure(2015),tt4643580
Teaching Mrs. Tingle(1999),tt0133046
Saved!(2004),tt0332375
"Mystery, Alaska(1999)",tt0134618
Battle of the Year(2013),tt1532958
Queen of Katwe(2016),tt4341582
Movie 43(2013),tt1333125
The Deep End(2001),tt0250323
Whatever It Takes(2000),tt0202402
Suspect Zero(2004),tt0324127
Ghosts of Mars(2001),tt0228333
Boat Trip(2002),tt0285462
An Unfinished Life(2005),tt0350261
Death at a Funeral(2007),tt0795368
MacGruber(2010),tt1470023
Legends of Oz: Dorothy's Return(2013),tt0884726
Play It to the Bone(1999),tt0196857
Pushing Tin(1999),tt0120797
Sex Drive(2008),tt1135985
Death to Smoochy(2002),tt0266452
Tenacious D in the Pick of Destiny(2006),tt0365830
Johnny English Reborn(2011),tt1634122
The Love Letter(1999),tt0166252
Tall Tale(1995),tt0111359
The Promise(2016),tt4776998
Cadillac Records(2008),tt1042877
Firestorm(1998),tt0120670
Code Name: The Cleaner(2007),tt0462229
Hoot(2006),tt0453494
The Road(2009),tt0898367
A Cure for Wellness(2016),tt4731136
Connie and Carla(2004),tt0345074
Bella(2006),tt0482463
Punisher: War Zone(2008),tt0450314
The Boat That Rocked(2009),tt1131729
Blackhat(2015),tt2717822
Strange Days(1995),tt0114558
Miracle at St. Anna(2008),tt1046997
The Space Between Us(2017),tt3922818
City of Ember(2008),tt0970411
Slither(2006),tt0439815
Mortdecai(2015),tt3045616
The Imaginarium of Doctor Parnassus(2009),tt1054606
Proof(2005),tt0377107
The Curse of the Jade Scorpion(2001),tt0256524
Cyrus(2010),tt1336617
Taking Woodstock(2009),tt1127896
A Good Year(2006),tt0401445
Paranoia(2013),tt1413495
Bones(2001),tt0166110
Outside Providence(1999),tt0125971
The Forsaken(2001),tt0245120
Big Trouble(2002),tt0246464
All the King's Men(2006),tt0405676
The Big Year(2011),tt1053810
The Green Inferno(2013),tt2403021
American Dreamz(2006),tt0465142
The Hoax(2006),tt0462338
Seeking a Friend for the End of the World(2012),tt1307068
Trapped(2002),tt0280380
Phat Girlz(2006),tt0490196
Turistas(2006),tt0454970
Screwed(2000),tt0156323
Black Nativity(2013),tt1425922
An American Carol(2008),tt1190617
Crossover(2006),tt0473024
Our Brand Is Crisis(2015),tt1018765
Willard(2003),tt0310357
Redline(2007),tt0780595
Thunderbirds(2004),tt0167456
Running Scared(2006),tt0404390
200 Cigarettes(1999),tt0137338
Moonlight Mile(2002),tt0179098
Conviction(2010),tt1244754
Me and Earl and the Dying Girl(2015),tt2582496
Amour(2012),tt1602620
Town & Country(2001),tt0141907
American History X(1998),tt0120586
The Snowman(2017),tt1758810
City Island(2009),tt1174730
I Dreamed of Africa(2000),tt0167203
The Last Station(2009),tt0824758
Bride & Prejudice(2004),tt0361411
Lost & Found(1999),tt0120836
The Rules of Attraction(2002),tt0292644
A Very Long Engagement(2004),tt0344510
Gods and Monsters(1998),tt0120684
The Rocker(2008),tt1031969
It's Kind of a Funny Story(2010),tt0804497
Affliction(1997),tt0118564
What Planet Are You From?(2000),tt0181151
One Night at McCool's(2001),tt0203755
Impostor(2001),tt0160399
Ghost World(2001),tt0162346
Justin Bieber's Believe(2013),tt3165608
Sultan(2016),tt4832640
The Hurricane Heist(2018),tt5360952
Coco Before Chanel(2009),tt1035736
Every Day(2018),tt7026672
Sea Rex 3D: Journey to a Prehistoric World(2010),tt1529567
Gigli(2003),tt0299930
Just Getting Started(2017),tt5721088
The Way of the Gun(2000),tt0202677
Megiddo: The Omega Code 2(2001),tt0263728
Run Fatboy Run(2007),tt0425413
Chasing Mavericks(2012),tt1629757
Light It Up(1999),tt0172726
Lars and the Real Girl(2007),tt0805564
Death of a Nation(2018),tt8564902
Before Sunset(2004),tt0381681
The Hunt(2020),tt8244784
Luther(2003),tt0309820
Beginners(2010),tt1532503
A Most Violent Year(2014),tt2937898
Mongol: The Rise of Genghis Khan(2007),tt0416044
Kundun(1997),tt0119485
The Warrior's Way(2010),tt1032751
Where the Money Is(2000),tt0149367
Danny Collins(2015),tt1772288
Tiger Zinda Hai(2017),tt5956100
Say It Isn't So(2001),tt0239949
Little Children(2006),tt0404203
The Rhythm Section(2020),tt7134096
Monkeybone(2001),tt0166276
The Human Stain(2003),tt0308383
The Guard(2011),tt1540133
Margin Call(2011),tt1615147
The Goldfinch(2019),tt3864056
Slackers(2002),tt0240900
Bad Education(2004),tt0275491
The in Crowd(2000),tt0163676
Black & White(1999),tt0165643
Don't Let Go(2019),tt6803212
Formula 51(2001),tt0227984
Alone in the Dark(2005),tt0369226
The World's Fastest Indian(2005),tt0412080
Grind(2003),tt0338077
Gossip(2000),tt0176783
Birth(2004),tt0337876
Bleed for This(2016),tt1620935
Action Point(2018),tt6495770
The Three Burials of Melquiades Estrada(2005),tt0419294
Woman on Top(2000),tt0206420
Bubble Boy(2001),tt0258470
Jakob the Liar(1999),tt0120716
The Apparition(2012),tt1433822
From Justin to Kelly(2003),tt0339034
The Virgin Suicides(1999),tt0159097
Hamlet 2(2008),tt1104733
90 Minutes in Heaven(2015),tt4337690
Incarnate(2016),tt3216348
Just Visiting(2001),tt0189192
Igby Goes Down(2002),tt0280760
Duets(2000),tt0134630
Hamlet(1996),tt0116477
College(2008),tt0844671
War(2019),tt7430722
Atlas Shrugged: Part I(2011),tt0480239
"Lust, Caution(2007)",tt0808357
The Lookout(2007),tt0427470
Anonymous(2011),tt1521197
Bright Star(2009),tt0810784
The Company Men(2010),tt1172991
Barney's Version(2010),tt1423894
Beyond Borders(2003),tt0294357
The Adventures of Pluto Nash(2002),tt0180052
Johnny English Strikes Again(2018),tt6921996
Simply Irresistible(1999),tt0145893
Black Book(2006),tt0389557
On the Line(2001),tt0279286
Solitary Man(2009),tt1294213
Glitter(2001),tt0118589
Kiss Kiss Bang Bang(2005),tt0373469
Detroit Rock City(1999),tt0165710
Gloria(1999),tt0120683
The Water Diviner(2014),tt3007512
Whipped(2000),tt0174336
Idle Hands(1999),tt0138510
Kama Sutra: A Tale of Love(1996),tt0116743
The Gospel of John(2003),tt0377992
Tank Girl(1995),tt0114614
Please Give(2010),tt0878835
Restoration(1995),tt0114272
Playing by Heart(1998),tt0145734
Charlie Bartlett(2007),tt0423977
Morgan(2016),tt4520364
The Assassination of Jesse James by the Coward Robert Ford(2007),tt0443680
The Door in the Floor(2004),tt0348593
The Real Cancun(2003),tt0360916
The Merchant of Venice(2004),tt0379889
Anomalisa(2015),tt2401878
Friend Request(2016),tt3352390
White Man's Burden(1995),tt0114928
Scouts Guide to the Zombie Apocalypse(2015),tt1727776
Rules Don't Apply(2016),tt1974420
Phoenix Forgotten(2017),tt6574272
The Runaways(2010),tt1017451
The Good Thief(2002),tt0281820
Price of Glory(2000),tt0188160
Metallica Through the Never(2013),tt2172935
Blindness(2008),tt0861689
The Work and the Glory(2004),tt0410454
Veronica Mars(2014),tt2771372
Pootie Tang(2001),tt0258038
The Fifth Estate(2013),tt1837703
You Will Meet a Tall Dark Stranger(2010),tt1182350
Anything Else(2003),tt0313792
Another Year(2010),tt1431181
The Limey(1999),tt0165854
The Big Kahuna(1999),tt0189584
Beautiful(2000),tt0210567
Steal Big Steal Little(1995),tt0114536
Jawbreaker(1999),tt0155776
Soul Survivors(2001),tt0218619
"Synecdoche, New York(2008)",tt0383028
Chloe(2009),tt1352824
Isn't She Great(2000),tt0141399
Gracie(2007),tt0441007
Veer Zaara(2004),tt0420332
Waiting for Guffman(1996),tt0118111
Cradle Will Rock(1999),tt0150216
Kabhi Khushi Kabhie Gham...(2001),tt0248126
eXistenZ(1999),tt0120907
Letters to God(2010),tt1462054
The Perez Family(1995),tt0114113
How to Lose Friends & Alienate People(2008),tt0455538
Wolf Warrior 2(2017),tt7131870
Chéri(2009),tt1179258
Everything Must Go(2010),tt1531663
The Way Back(2010),tt1023114
Bobby Jones: Stroke of Genius(2004),tt0375104
Under the Skin(2013),tt1441395
The Dreamers(2003),tt0309987
Bucky Larson: Born to Be a Star(2011),tt1411664
The Lost City(2005),tt0343996
Never Let Me Go(2010),tt1334260
The Disappointments Room(2016),tt2364897
BloodRayne(2005),tt0383222
T2 Trainspotting(2017),tt2763304
Redbelt(2008),tt1012804
Trance(2013),tt1924429
Fan(2016),tt3495026
The Company(2003),tt0335013
The Illusionist(2010),tt0775489
Rabbit Hole(2010),tt0935075
Perfume: The Story of a Murderer(2006),tt0396171
The White Ribbon(2009),tt1149362
Wild Bill(1995),tt0114938
Oldboy(2013),tt1321511
Jem and the Holograms(2015),tt3614530
Limbo(1999),tt0164085
A Prophet(2009),tt1235166
Oliver Twist(2005),tt0380599
Incendies(2010),tt1255953
Ravenous(1999),tt0129332
We Don't Live Here Anymore(2004),tt0361309
I Love You Phillip Morris(2009),tt1045772
Novocaine(2001),tt0234354
The Work and the Glory II: American Zion(2005),tt0457530
Surviving Picasso(1996),tt0117791
Goodbye Lover(1998),tt0119219
A Sound of Thunder(2005),tt0318081
The Mighty Macs(2009),tt1034324
Only Lovers Left Alive(2013),tt1714915
Harry Brown(2009),tt1289406
Stone(2010),tt1423995
Hurlyburly(1998),tt0119336
Somewhere(2010),tt1421051
A Better Life(2011),tt1554091
Flipped(2010),tt0817177
Suicide Kings(1997),tt0120241
The City of Lost Children(1995),tt0112682
Take Shelter(2011),tt1675192
Stoker(2013),tt1682180
Steel(1997),tt0120207
Bad Lieutenant: Port of Call New Orleans(2009),tt1095217
Marci X(2003),tt0266747
Spider(2002),tt0278731
Gun Shy(2000),tt0171356
Veronica Guerin(2003),tt0312549
Ararat(2002),tt0273435
Dogville(2003),tt0276919
The Double Hour(2009),tt1379222
Married Life(2007),tt0804505
Donnie Darko(2001),tt0246578
The Joneses(2009),tt1285309
2046(2004),tt0212712
Krrish(2006),tt0432637
99 Homes(2014),tt2891174
The Devil's Double(2011),tt1270262
Snow Flower and the Secret Fan(2011),tt1541995
The Work and the Glory III: A House Divided(2006),tt0460611
Hideous Kinky(1998),tt0136244
Micmacs(2009),tt1149361
Turn It Up(2000),tt0216772
Mojin: The Lost Legend(2015),tt4276752
Me and Orson Welles(2008),tt1175506
Bee Season(2005),tt0387059
I Capture the Castle(2003),tt0300015
Find Me Guilty(2006),tt0419749
The Rover(2014),tt2345737
Mother and Child(2009),tt1121977
The Messenger(2009),tt0790712
Crush(2001),tt0245407
Lolita(1997),tt0119558
There Be Dragons(2011),tt1316616
Undiscovered(2005),tt0434424
September Dawn(2007),tt0473700
The Oogieloves in the Big Balloon Adventure(2012),tt1520498
Timecode(2000),tt0220100
Casino Jack(2010),tt1194417
A Home at the End of the World(2004),tt0359423
Attack the Block(2011),tt1478964
Owning Mahowny(2003),tt0285861
In a Better World(2010),tt1340107
The Beaver(2011),tt1321860
The Brothers Solomon(2007),tt0784972
Intermission(2003),tt0332658
The Yards(2000),tt0138946
Alone Yet Not Alone(2013),tt1986769
Princess Kaiulani(2009),tt1185344
Where the Truth Lies(2005),tt0373450
Duma(2005),tt0361715
Mirrormask(2005),tt0366780
The Last Mistress(2007),tt0437526
Without Limits(1998),tt0119934
Young Adam(2003),tt0289635
The Statement(2003),tt0340376
Middle Men(2009),tt1251757
Rocket Science(2007),tt0477078
Mozart's Sister(2010),tt1653911
Delgo(2008),tt0361500
The Caveman's Valentine(2001),tt0182000
The Secret of Kells(2009),tt0485601
Ride with the Devil(1999),tt0134154
Grey Owl(1999),tt0128239
"The Prize Winner of Defiance, Ohio(2005)",tt0406158
Texas Rangers(2001),tt0193560
Agora(2009),tt1186830
Vincere(2009),tt1156173
Not Fade Away(2012),tt1230215
Swept Away(2002),tt0291502
The Crimson Rivers(2000),tt0228786
Prefontaine(1997),tt0119937
My First Mister(2001),tt0206963
Bottle Rocket(1996),tt0115734
Ondine(2009),tt1235796
Commandments(1997),tt0115927
Machine Gun Preacher(2011),tt1586752
By the Sea(2015),tt3707106
The City of Your Final Destination(2009),tt0896923
Steamboy(2004),tt0348121
Brooklyn Rules(2007),tt0283503
Just the Ticket(1998),tt0123221
The Oh in Ohio(2006),tt0422861
Search and Destroy(1995),tt0114371
The End of Violence(1997),tt0119062
Hesher(2010),tt1403177
The Game of Their Lives(2005),tt0354595
Fish Tank(2009),tt1232776
Kung Fu Yoga(2017),tt4217392
Buffalo Soldiers(2001),tt0252299
Everybody Wants to Be Italian(2007),tt0790657
Albino Alligator(1996),tt0115495
Enter the Void(2009),tt1191111
Welcome to Sarajevo(1997),tt0120490
Monument Ave.(1998),tt0119802
Telling Lies in America(1997),tt0120303
The Yellow Handkerchief(2008),tt0954990
The Life Before Her Eyes(2007),tt0815178
Love's Labour's Lost(2000),tt0182295
Freeway(1996),tt0116361
Mickey(2004),tt0277895
Wide Awake(1998),tt0120510
Life During Wartime(2009),tt0808526
Christmas in the Clouds(2001),tt0221074
The Tempest(2010),tt1274300
Dirty(2005),tt0439544
Nil by Mouth(1997),tt0119792
Under Suspicion(2000),tt0164212
An Awfully Big Adventure(1995),tt0112427
Love's Abiding Joy(2006),tt0785025
Love(2015),tt3774694
Wilbur Wants to Kill Himself(2002),tt0329767
Brighton Rock(2010),tt1233192
High Heels and Low Lifes(2001),tt0253126
No Looking Back(1998),tt0119560
Critical Care(1997),tt0118901
All I See Is You(2016),tt4486986
The Killer Inside Me(2010),tt0954947
The Girl on the Train(2009),tt1183672
Tamara(2005),tt0401815
Onegin(1999),tt0119079
All or Nothing(2002),tt0286261
The Nutcracker: The Untold Story(2010),tt1041804
Twelve(2010),tt1407084
No Good Deed(2002),tt0292610
Desayuno De Campeones(1999),tt0120618
Outlander(2008),tt0462465
The Last Godfather(2010),tt1584131
Canadian Bacon(1995),tt0109370
Restless(2011),tt1498569
3-D Sex and Zen: Extreme Ecstasy(2011),tt1365048
Red Riding: The Year of Our Lord 1974(2009),tt1259574
Company Man(2000),tt0177650
Carlos(2010),tt1321865
Wendy(2020),tt2420124
Chain Letter(2010),tt1148200
Love Ranch(2010),tt1125929
Warriors of the Rainbow: Seediq Bale I(2011),tt2007993
The Eclipse(2009),tt1346961
The Good the Bad the Weird(2008),tt0901487
Twin Town(1997),tt0120394
Centurion(2010),tt1020558
City of Life and Death(2009),tt1124052
Trust(2010),tt1529572
The Greatest(2009),tt1226232
Gentlemen Broncos(2009),tt1161418
Blood Done Sign My Name(2010),tt1210039
Wild Target(2010),tt1235189
Lawn Dogs(1997),tt0119506
Survival of the Dead(2009),tt1134854
Freakonomics(2010),tt1152822
The Good Guy(2009),tt1247662
Ginger Snaps 2: Unleashed(2004),tt0353489
D-Tox(2002),tt0160184
Manderlay(2005),tt0342735
An Everlasting Piece(2000),tt0218182
Renaissance(2006),tt0386741
Fireflies in the Garden(2008),tt0961108
Leaves of Grass(2009),tt1151359
10th & Wolf(2006),tt0360323
Extraordinary Mission(2017),tt6690310
"Surfer, Dude(2008)",tt0976247
Heist(2015),tt3276924
The Bridge of San Luis Rey(2004),tt0356443
Mini's First Time(2006),tt0425253
Margaret(2011),tt0466893
The Last Time I Committed Suicide(1997),tt0119502
Every Day(2010),tt1301990
Defendor(2009),tt1303828
Close Your Eyes(2002),tt0286594
Committed(2000),tt0144142
Mozart and the Whale(2005),tt0392465
The Boondock Saints(1999),tt0144117
Local Color(2006),tt0472126
Salvation Boulevard(2011),tt1251743
Best Laid Plans(1999),tt0133412
Cape of Good Hope(2004),tt0398830
Hood of Horror(2006),tt0475298
Waiting for Forever(2010),tt1296898
Shade(2003),tt0323939
All the Queen's Men(2001),tt0252223
Marcelino Pan y Vino(2010),tt1757806
Molly(1999),tt0143746
5 Days of War(2011),tt1486193
The Prophet's Son(2012),tt2093269
Fascination(2004),tt0305632
Savior(1998),tt0120070
Dysfunctional Friends(2012),tt1653002
Christmas at Maxwell's(2006),tt0420550
Hell's Kitchen(1998),tt0129136
Taxman(1998),tt0138862
The Janky Promoters(2009),tt1210071
Money Fight(2012),tt1121986
Scorched(2003),tt0286947
Side Effects(2005),tt0438427
The Velocity of Gary(1998),tt0120878
